time,date,hour,precip [mm/day],Sub36 [m3/s],Sub36 (observed) [m3/s],Sub43 [m3/s],Sub43 (observed) [m3/s]
0,2002-10-01,00:00:00.00,---,5.96354, ,11.2505, 
1,2002-10-02,00:00:00.00,3.46869,11.9643,0.801,18.5907,3.07
2,2002-10-03,00:00:00.00,1.18918,15.437,0.828,25.7443,2.99
3,2002-10-04,00:00:00.00,2.08326,8.76948,0.86,18.6861,3.06
4,2002-10-05,00:00:00.00,6.47431,4.66501,0.903,9.82648,2.93
5,2002-10-06,00:00:00.00,0.125591,4.20829,1.04,7.90952,3.15
6,2002-10-07,00:00:00.00,0.841207,3.71063,1.03,7.40493,3.21
7,2002-10-08,00:00:00.00,1.53557,3.57954,0.837,6.73661,3.08
8,2002-10-09,00:00:00.00,0.0642942,3.39854,0.641,6.51566,3.02
9,2002-10-10,00:00:00.00,0,3.25977,0.512,6.21329,2.67
10,2002-10-11,00:00:00.00,0,3.11135,0.382,5.93559,2.54
11,2002-10-12,00:00:00.00,0.14582,2.97675,0.377,5.68291,2.52
12,2002-10-13,00:00:00.00,1.1653,2.8447,0.403,5.42541,2.87
13,2002-10-14,00:00:00.00,0.91735,2.72002,0.437,5.19263,2.67
14,2002-10-15,00:00:00.00,0,2.6001,0.405,4.96167,2.56
15,2002-10-16,00:00:00.00,0,2.4858,0.399,4.74558,2.56
16,2002-10-17,00:00:00.00,0,2.37637,0.42,4.53555,2.59
17,2002-10-18,00:00:00.00,0.576301,2.27183,0.432,4.33666,2.78
18,2002-10-19,00:00:00.00,11.4375,2.20413,0.448,4.24379,2.65
19,2002-10-20,00:00:00.00,4.63235,2.27266,0.607,4.40972,3.92
20,2002-10-21,00:00:00.00,0.251183,2.33632,0.741,4.52458,3.81
21,2002-10-22,00:00:00.00,1.15551,2.31222,0.634,4.35524,3.26
22,2002-10-23,00:00:00.00,2.26664,2.42965,0.501,4.25494,3.49
23,2002-10-24,00:00:00.00,0,2.53934,0.486,4.30223,3.21
24,2002-10-25,00:00:00.00,0,2.43137,0.475,4.21763,3.07
25,2002-10-26,00:00:00.00,9.44495,2.60488,0.489,4.35536,2.95
26,2002-10-27,00:00:00.00,0.447062,2.88,0.551,4.74045,3.37
27,2002-10-28,00:00:00.00,0.448561,2.72972,0.669,4.67261,3.73
28,2002-10-29,00:00:00.00,0,2.55068,0.574,4.32116,3.78
29,2002-10-30,00:00:00.00,0,2.4556,0.53,4.11037,3.67
30,2002-10-31,00:00:00.00,0,2.33961,0.498,3.94452,3.32
31,2002-11-01,00:00:00.00,5.50081,2.25251,0.408,3.76873,3.21
32,2002-11-02,00:00:00.00,4.28381,2.17969,0.606,3.6284,3.31
33,2002-11-03,00:00:00.00,1.58937,2.10087,0.444,3.49228,3.53
34,2002-11-04,00:00:00.00,0,2.02011,0.479,3.35438,3.63
35,2002-11-05,00:00:00.00,0,2.07377,0.538,3.29319,3.5
36,2002-11-06,00:00:00.00,1.56572,2.23315,0.725,3.36626,3.37
37,2002-11-07,00:00:00.00,4.1262,2.54762,0.703,3.70394,3.57
38,2002-11-08,00:00:00.00,0,2.80219,0.589,4.11867,4.01
39,2002-11-09,00:00:00.00,0,2.75529,0.89,4.171,3.8
40,2002-11-10,00:00:00.00,0.551577,2.77208,0.858,4.053,3.7
41,2002-11-11,00:00:00.00,32.2238,10.7099,1.52,14.7575,4.14
42,2002-11-12,00:00:00.00,1.00065,17.0355,6.07,27.0823,12.6
43,2002-11-13,00:00:00.00,0,10.4156,5.17,20.8434,15.1
44,2002-11-14,00:00:00.00,0,5.01649,3.56,9.75803,11
45,2002-11-15,00:00:00.00,3.04701,4.476,2.34,6.82629,8.81
46,2002-11-16,00:00:00.00,0.900118,4.34794,1.85,7.04557,7.61
47,2002-11-17,00:00:00.00,0.335519,4.17825,1.5,6.74503,6.33
48,2002-11-18,00:00:00.00,2.42852,3.89134,1.33,6.39199,5.71
49,2002-11-19,00:00:00.00,0.287658,3.77533,1.26,6.09381,5.38
50,2002-11-20,00:00:00.00,0.32011,3.76456,1.24,6.21299,5.19
51,2002-11-21,00:00:00.00,0,3.83628,1.13,6.51073,5.12
52,2002-11-22,00:00:00.00,1.96778,3.92858,1.02,6.54255,5.07
53,2002-11-23,00:00:00.00,0.547319,4.00221,1.12,6.54877,4.94
54,2002-11-24,00:00:00.00,0.0627957,3.85803,1.16,6.42078,4.83
55,2002-11-25,00:00:00.00,1.26321,3.81871,1.09,6.19973,4.65
56,2002-11-26,00:00:00.00,2.63962,3.84174,1,6.09882,4.7
57,2002-11-27,00:00:00.00,0.0642942,3.6871,1.04,5.94069,4.51
58,2002-11-28,00:00:00.00,0.631605,3.51136,0.98,5.65561,4.41
59,2002-11-29,00:00:00.00,1.6708,3.36125,0.95,5.40202,4.25
60,2002-11-30,00:00:00.00,1.58651,3.21565,0.93,5.17186,4.17
61,2002-12-01,00:00:00.00,2.92338,3.13642,0.94,4.97558,4.18
62,2002-12-02,00:00:00.00,4.17386,3.0341,0.96,4.81197,4.38
63,2002-12-03,00:00:00.00,0.125591,2.87711,0.91,4.60246,4.19
64,2002-12-04,00:00:00.00,0.627957,2.7475,0.87,4.3798,4.05
65,2002-12-05,00:00:00.00,0.382768,2.62658,0.83,4.18912,3.95
66,2002-12-06,00:00:00.00,0.993809,2.51098,0.8,4.00529,3.85
67,2002-12-07,00:00:00.00,0.168671,2.4005,0.77,3.82818,3.8
68,2002-12-08,00:00:00.00,0.0627957,2.29487,0.728,3.6604,3.74
69,2002-12-09,00:00:00.00,0.735331,2.1939,0.7,3.49891,3.68
70,2002-12-10,00:00:00.00,0,2.09736,0.67,3.3452,3.62
71,2002-12-11,00:00:00.00,0.0642942,2.00507,0.65,3.19787,3.56
72,2002-12-12,00:00:00.00,0.128588,1.91684,0.635,3.05723,3.5
73,2002-12-13,00:00:00.00,0,2.01083,0.629,3.14161,3.45
74,2002-12-14,00:00:00.00,0.189886,2.15833,0.639,3.39778,3.7
75,2002-12-15,00:00:00.00,0.0642942,2.20702,0.673,3.59533,4.3
76,2002-12-16,00:00:00.00,1.16235,2.23682,0.734,3.71882,4.4
77,2002-12-17,00:00:00.00,0,2.16796,0.679,3.66534,4.25
78,2002-12-18,00:00:00.00,0,2.06649,0.577,3.49778,4
79,2002-12-19,00:00:00.00,1.17953,1.97839,0.561,3.34128,3.96
80,2002-12-20,00:00:00.00,9.29276,6.20835,0.656,7.43663,4.4
81,2002-12-21,00:00:00.00,5.60848,14.3226,4.75,16.9948,9.4
82,2002-12-22,00:00:00.00,0.711632,14.301,15.8,20.7214,14
83,2002-12-23,00:00:00.00,0.882788,7.29063,7.74,13.8915,36
84,2002-12-24,00:00:00.00,1.15186,3.90407,4.25,7.12708,20
85,2002-12-25,00:00:00.00,1.20726,3.34878,3.03,5.59377,9
86,2002-12-26,00:00:00.00,0.579909,3.0521,2.63,5.35149,7.3
87,2002-12-27,00:00:00.00,0,2.9665,2.37,5.00574,6.5
88,2002-12-28,00:00:00.00,0,2.81372,2.24,4.84347,5.6
89,2002-12-29,00:00:00.00,0,2.70021,1.85,4.60799,5.1
90,2002-12-30,00:00:00.00,0.450059,2.57662,1.94,4.41041,5.05
91,2002-12-31,00:00:00.00,1.21892,2.56239,1.68,4.40544,5
92,2003-01-01,00:00:00.00,0.0642942,2.92254,2.48,4.69444,5.4
93,2003-01-02,00:00:00.00,0,3.18149,8.1,4.98807,6.7
94,2003-01-03,00:00:00.00,0.844854,2.95115,6.38,4.88835,11
95,2003-01-04,00:00:00.00,1.09951,2.74892,4.1,4.54199,16.2
96,2003-01-05,00:00:00.00,0.313979,2.64241,3,4.32008,10.3
97,2003-01-06,00:00:00.00,1.30714,2.51908,2.18,4.14874,8.6
98,2003-01-07,00:00:00.00,0.209927,2.41152,1.7,3.95576,7.5
99,2003-01-08,00:00:00.00,0.125591,2.30388,1.4,3.78623,6.3
100,2003-01-09,00:00:00.00,3.21471,2.38309,1.5,4.10181,8
101,2003-01-10,00:00:00.00,3.16591,3.33551,1.59,4.97794,7.4
102,2003-01-11,00:00:00.00,3.19016,4.07334,1.2,5.73974,7
103,2003-01-12,00:00:00.00,1.67942,3.3692,1.08,5.56401,6.6
104,2003-01-13,00:00:00.00,0.825463,2.77944,1,4.69468,6.3
105,2003-01-14,00:00:00.00,1.10001,2.69655,0.9,4.30936,6.1
106,2003-01-15,00:00:00.00,2.37199,2.55092,0.85,4.1967,5.85
107,2003-01-16,00:00:00.00,1.36361,2.45134,0.79,3.9777,5.65
108,2003-01-17,00:00:00.00,0.43957,2.33761,0.745,3.81421,5.45
109,2003-01-18,00:00:00.00,0,2.23747,0.715,3.64474,5.3
110,2003-01-19,00:00:00.00,0.579909,2.13776,0.68,3.48269,5.15
111,2003-01-20,00:00:00.00,1.72067,2.04428,0.645,3.33165,5
112,2003-01-21,00:00:00.00,1.44795,1.95405,0.615,3.18324,4.9
113,2003-01-22,00:00:00.00,0.357058,1.8682,0.59,3.04443,4.8
114,2003-01-23,00:00:00.00,0.839708,1.78593,0.57,2.90966,4.7
115,2003-01-24,00:00:00.00,0.882788,1.70738,0.545,2.78212,4.6
116,2003-01-25,00:00:00.00,1.00838,1.63224,0.525,2.65942,4.5
117,2003-01-26,00:00:00.00,2.37199,1.56042,0.505,2.54256,4.42
118,2003-01-27,00:00:00.00,0,1.49176,0.49,2.43059,4.35
119,2003-01-28,00:00:00.00,0.48265,1.42612,0.475,2.32369,4.27
120,2003-01-29,00:00:00.00,1.17705,1.36336,0.465,2.22142,4.2
121,2003-01-30,00:00:00.00,0.125591,1.30337,0.455,2.12368,4.15
122,2003-01-31,00:00:00.00,0,1.24602,0.445,2.03023,4.1
123,2003-02-01,00:00:00.00,0.514353,1.1912,0.44,1.9409,4.05
124,2003-02-02,00:00:00.00,1.99312,1.31964,0.5,2.35065,4.02
125,2003-02-03,00:00:00.00,0.0642942,1.3921,0.625,2.82514,4
126,2003-02-04,00:00:00.00,9.01696,1.36414,0.75,2.68772,4.4
127,2003-02-05,00:00:00.00,7.52905,1.34867,1.19,2.5322,6
128,2003-02-06,00:00:00.00,1.4443,1.24487,1.6,2.44065,8.3
129,2003-02-07,00:00:00.00,0.378273,1.18456,2,2.29141,8.85
130,2003-02-08,00:00:00.00,0.189886,1.13229,2.29,2.19481,9.3
131,2003-02-09,00:00:00.00,0.82364,1.08247,2.22,2.09959,8.9
132,2003-02-10,00:00:00.00,0.0642942,1.03484,2.13,2.0051,8.5
133,2003-02-11,00:00:00.00,0.927366,0.989302,1.97,1.91847,8.1
134,2003-02-12,00:00:00.00,0.800276,0.94577,1.76,1.83305,7.6
135,2003-02-13,00:00:00.00,0.400138,0.904155,1.55,1.75297,7.25
136,2003-02-14,00:00:00.00,0.0714117,0.86437,1.45,1.67552,6.95
137,2003-02-15,00:00:00.00,0,0.826336,1.3,1.60196,6.65
138,2003-02-16,00:00:00.00,0,0.789976,1.2,1.53139,6.4
139,2003-02-17,00:00:00.00,0.188387,0.755215,1.13,1.46405,6.2
140,2003-02-18,00:00:00.00,0.73748,0.721984,1.09,1.3996,5.95
141,2003-02-19,00:00:00.00,0.442567,0.690215,1,1.33803,5.8
142,2003-02-20,00:00:00.00,0.0642942,0.659845,1.05,1.27915,6
143,2003-02-21,00:00:00.00,0,0.63081,1.11,1.22286,6.15
144,2003-02-22,00:00:00.00,0,0.660995,1.14,1.19917,6.45
145,2003-02-23,00:00:00.00,6.21019,0.722786,1.19,1.22723,6.8
146,2003-02-24,00:00:00.00,0,0.715153,1.08,1.23301,6.4
147,2003-02-25,00:00:00.00,1.76254,0.678978,1,1.18007,6.15
148,2003-02-26,00:00:00.00,0.0642942,0.65128,0.925,1.12417,5.95
149,2003-02-27,00:00:00.00,0.0642942,0.621614,0.86,1.07726,5.75
150,2003-02-28,00:00:00.00,0,0.594729,0.8,1.0287,5.55
151,2003-03-01,00:00:00.00,0,0.568343,0.76,0.983813,5.4
152,2003-03-02,00:00:00.00,0.988663,0.543435,0.66,0.940482,5.2
153,2003-03-03,00:00:00.00,1.22159,0.519477,0.62,0.899029,5
154,2003-03-04,00:00:00.00,0.443218,0.49664,0.58,0.859555,4.85
155,2003-03-05,00:00:00.00,4.43042,0.474777,0.55,0.821664,4.7
156,2003-03-06,00:00:00.00,0.590024,0.45389,0.52,0.785557,4.55
157,2003-03-07,00:00:00.00,1.86453,0.433916,0.49,0.750961,4.4
158,2003-03-08,00:00:00.00,0.171668,0.414824,0.465,0.717935,4.25
159,2003-03-09,00:00:00.00,1.37078,0.39657,0.445,0.686334,4.5
160,2003-03-10,00:00:00.00,0.188387,0.379121,0.425,0.65614,4.85
161,2003-03-11,00:00:00.00,0,0.362439,0.41,0.627265,4.73
162,2003-03-12,00:00:00.00,2.22528,0.346491,0.395,0.599666,4.55
163,2003-03-13,00:00:00.00,1.17916,0.331244,0.385,0.573279,4.41
164,2003-03-14,00:00:00.00,0.0642942,0.316669,0.38,0.548054,4.28
165,2003-03-15,00:00:00.00,0,0.302735,0.4,0.523938,4.21
166,2003-03-16,00:00:00.00,0,2.30671,0.5,3.32168,5.4
167,2003-03-17,00:00:00.00,0,20.4057,0.75,23.796,8.6
168,2003-03-18,00:00:00.00,0.0642942,67.8369,1.92,67.1631,12
169,2003-03-19,00:00:00.00,0.0642942,82.5927,19,94.5321,30
170,2003-03-20,00:00:00.00,0.541138,39.2262,46.2,66.8526,83
171,2003-03-21,00:00:00.00,1.28438,21.2579,47.7,27.473,83.5
172,2003-03-22,00:00:00.00,1.41985,35.7835,65.2,29.3499,89.1
173,2003-03-23,00:00:00.00,0.514353,35.7503,74.4,40.0268,99.4
174,2003-03-24,00:00:00.00,0.313979,33.8647,50.3,36.475,103
175,2003-03-25,00:00:00.00,0,62.0638,39.7,50.0346,69.7
176,2003-03-26,00:00:00.00,0.42154,98.1327,50.5,85.6324,63.9
177,2003-03-27,00:00:00.00,0,81.2506,41.6,94.7077,73.3
178,2003-03-28,00:00:00.00,0.313979,39.6459,23.7,59.1698,53.1
179,2003-03-29,00:00:00.00,7.22242,39.9672,15.9,36.8416,33.6
180,2003-03-30,00:00:00.00,10.1956,37.1156,25.1,40.9142,30.9
181,2003-03-31,00:00:00.00,0.378273,12.8359,28.4,26.5738,50.6
182,2003-04-01,00:00:00.00,1.20224,4.91578,12.2,7.43482,34.8
183,2003-04-02,00:00:00.00,1.64444,4.5655,8.15,5.64211,19.9
184,2003-04-03,00:00:00.00,0.385765,4.23622,7.46,6.03272,16.5
185,2003-04-04,00:00:00.00,2.27029,4.18989,7.67,5.36055,15.3
186,2003-04-05,00:00:00.00,1.32468,3.89032,7.18,5.38499,15.5
187,2003-04-06,00:00:00.00,0.692252,3.73784,5.44,4.95953,14.3
188,2003-04-07,00:00:00.00,7.26524,3.55573,4.78,4.80786,11.5
189,2003-04-08,00:00:00.00,1.14127,3.40693,4.17,4.56941,10.8
190,2003-04-09,00:00:00.00,1.92882,3.25348,3.11,4.37617,9.86
191,2003-04-10,00:00:00.00,6.68659,3.27402,3.36,4.71769,8.68
192,2003-04-11,00:00:00.00,0,5.36035,8.45,7.17001,10.2
193,2003-04-12,00:00:00.00,0,11.2666,41.3,13.2638,29.2
194,2003-04-13,00:00:00.00,0,11.286,41.9,16.3821,74.6
195,2003-04-14,00:00:00.00,0,6.07254,22.4,11.37,60.2
196,2003-04-15,00:00:00.00,0,4.42122,13,6.72826,33.7
197,2003-04-16,00:00:00.00,0,5.0422,9.7,6.69965,22.4
198,2003-04-17,00:00:00.00,0,5.7251,7.3,7.45485,17.8
199,2003-04-18,00:00:00.00,0.313979,4.59548,5.6,7.04732,14.7
200,2003-04-19,00:00:00.00,1.73121,3.88811,4.95,5.89938,12.4
201,2003-04-20,00:00:00.00,0,4.00148,4.7,5.56459,10.9
202,2003-04-21,00:00:00.00,2.30761,3.56772,4.54,5.4538,10
203,2003-04-22,00:00:00.00,2.38984,3.04584,4.07,4.81226,9.49
204,2003-04-23,00:00:00.00,0.895623,2.82441,3.85,4.38281,8.98
205,2003-04-24,00:00:00.00,0,2.66829,3.65,4.1688,8.41
206,2003-04-25,00:00:00.00,0,2.54638,3.1,3.96657,7.83
207,2003-04-26,00:00:00.00,0,2.43424,2.93,3.79156,7.41
208,2003-04-27,00:00:00.00,0,2.32711,2.65,3.62634,6.77
209,2003-04-28,00:00:00.00,0,2.22472,2.45,3.46537,6.39
210,2003-04-29,00:00:00.00,0,2.12683,2.3,3.31381,6.04
211,2003-04-30,00:00:00.00,0,2.03324,2.19,3.16745,5.65
212,2003-05-01,00:00:00.00,8.2956,1.94378,2.35,3.0334,5.38
213,2003-05-02,00:00:00.00,17.5958,2.41689,3,4.01224,6.85
214,2003-05-03,00:00:00.00,5.72218,3.13584,7.8,6.08832,11.3
215,2003-05-04,00:00:00.00,0,2.91843,8.1,6.29207,17.3
216,2003-05-05,00:00:00.00,0,2.47657,6,4.81845,15.1
217,2003-05-06,00:00:00.00,19.8819,2.42282,5,4.82337,12.7
218,2003-05-07,00:00:00.00,0,2.35356,20,5.13128,15.4
219,2003-05-08,00:00:00.00,0.251183,2.25956,19.2,4.42155,31.7
220,2003-05-09,00:00:00.00,0,2.15734,9.2,4.01417,23.7
221,2003-05-10,00:00:00.00,0.172319,2.06371,6.6,3.85429,15.4
222,2003-05-11,00:00:00.00,6.81496,1.98678,5.6,3.67525,12.6
223,2003-05-12,00:00:00.00,14.2411,2.95017,6.2,4.31547,11.3
224,2003-05-13,00:00:00.00,6.27604,4.73523,15.6,6.16269,12.7
225,2003-05-14,00:00:00.00,0.321609,4.70899,26.6,7.06603,25
226,2003-05-15,00:00:00.00,0,3.2806,15,5.79491,30.9
227,2003-05-16,00:00:00.00,0,2.61496,9.1,4.44651,19
228,2003-05-17,00:00:00.00,4.36581,2.47891,6.6,4.11433,14
229,2003-05-18,00:00:00.00,0,2.35643,5.2,3.97903,11.8
230,2003-05-19,00:00:00.00,0,2.25841,4.45,3.77045,10.4
231,2003-05-20,00:00:00.00,0,2.15641,4.2,3.60735,9.26
232,2003-05-21,00:00:00.00,10.2367,2.06274,4.05,3.58582,8.3
233,2003-05-22,00:00:00.00,0,1.97141,3.85,3.51948,8.3
234,2003-05-23,00:00:00.00,0,1.88493,3.62,3.24636,8.13
235,2003-05-24,00:00:00.00,20.9244,1.80186,3.4,3.58501,7.6
236,2003-05-25,00:00:00.00,3.15041,1.78889,23,4.02287,9.7
237,2003-05-26,00:00:00.00,0.0642942,1.77549,25.6,3.66022,37.3
238,2003-05-27,00:00:00.00,0.0430797,1.69604,11,3.22217,28.8
239,2003-05-28,00:00:00.00,7.19158,1.62097,8.5,3.08235,16
240,2003-05-29,00:00:00.00,0.0642942,1.54964,6.4,2.98219,13.9
241,2003-05-30,00:00:00.00,0,1.48146,4.5,2.79588,11
242,2003-05-31,00:00:00.00,0.980895,1.41627,4.1,2.64108,9.74
243,2003-06-01,00:00:00.00,1.02871,1.35395,3.7,2.52878,8.69
244,2003-06-02,00:00:00.00,0,1.29437,3.15,2.41688,7.58
245,2003-06-03,00:00:00.00,0,1.23742,2.75,2.31194,6.54
246,2003-06-04,00:00:00.00,0,1.18297,2.3,2.20963,5.83
247,2003-06-05,00:00:00.00,8.64533,1.13092,2.05,2.16011,5.51
248,2003-06-06,00:00:00.00,1.77565,1.08115,2.15,2.11382,5.67
249,2003-06-07,00:00:00.00,0.278529,1.03358,1.69,1.99484,5.53
250,2003-06-08,00:00:00.00,0.0642942,0.988102,1.63,1.87586,5.27
251,2003-06-09,00:00:00.00,6.49205,0.944623,1.55,1.80686,4.94
252,2003-06-10,00:00:00.00,1.53557,0.903058,1.85,1.74766,5.21
253,2003-06-11,00:00:00.00,0.316976,0.863321,2.19,1.66663,5.14
254,2003-06-12,00:00:00.00,0.0642942,0.825334,1.91,1.58556,5.13
255,2003-06-13,00:00:00.00,7.19418,0.789017,1.98,1.5514,5.01
256,2003-06-14,00:00:00.00,0.831329,0.754299,2.6,1.51339,5.51
257,2003-06-15,00:00:00.00,0.0642942,0.721108,2.84,1.42458,5.94
258,2003-06-16,00:00:00.00,0,0.689378,2.4,1.34669,5.78
259,2003-06-17,00:00:00.00,0,0.659044,1.97,1.28755,5.31
260,2003-06-18,00:00:00.00,0,0.630045,1.59,1.23032,4.76
261,2003-06-19,00:00:00.00,7.56173,0.602322,1.35,1.19314,4.44
262,2003-06-20,00:00:00.00,2.12171,0.575818,1.45,1.17252,4.42
263,2003-06-21,00:00:00.00,0,0.550481,1.94,1.12433,4.25
264,2003-06-22,00:00:00.00,0,0.526259,1.53,1.05731,4.37
265,2003-06-23,00:00:00.00,0,0.503102,1.17,1.00651,4.43
266,2003-06-24,00:00:00.00,0,0.480965,0.934,0.96284,3.89
267,2003-06-25,00:00:00.00,0,0.459801,0.768,0.920159,3.54
268,2003-06-26,00:00:00.00,0,0.439569,0.708,0.879821,3.37
269,2003-06-27,00:00:00.00,6.22735,0.420227,0.633,0.848179,3.13
270,2003-06-28,00:00:00.00,0,0.401736,0.603,0.817742,3.24
271,2003-06-29,00:00:00.00,1.5858,0.384059,0.592,0.779662,3.13
272,2003-06-30,00:00:00.00,2.10339,0.36716,0.617,0.746231,2.98
273,2003-07-01,00:00:00.00,0.0642942,0.351004,0.801,0.716551,2.86
274,2003-07-02,00:00:00.00,0,0.335559,1.45,0.685474,2.76
275,2003-07-03,00:00:00.00,0,0.320794,0.999,0.655284,2.77
276,2003-07-04,00:00:00.00,0,0.306678,0.843,0.626464,3.21
277,2003-07-05,00:00:00.00,0.0172319,0.293184,0.763,0.598891,2.91
278,2003-07-06,00:00:00.00,2.43283,0.280283,0.77,0.575986,2.75
279,2003-07-07,00:00:00.00,5.34643,0.26795,0.602,0.555356,2.86
280,2003-07-08,00:00:00.00,8.33295,0.25616,0.846,0.668076,3.05
281,2003-07-09,00:00:00.00,0.620229,0.244888,0.798,0.739492,3.17
282,2003-07-10,00:00:00.00,0.321471,0.234113,0.908,0.600911,3.28
283,2003-07-11,00:00:00.00,3.18464,0.223811,0.66,0.521777,2.99
284,2003-07-12,00:00:00.00,8.7808,0.217035,0.759,0.588687,3.16
285,2003-07-13,00:00:00.00,1.08578,0.213254,0.854,0.608242,3.1
286,2003-07-14,00:00:00.00,0.0772181,0.206751,0.765,0.515141,2.98
287,2003-07-15,00:00:00.00,0,0.197837,0.694,0.4549,2.75
288,2003-07-16,00:00:00.00,11.4739,0.189132,0.812,0.639963,2.76
289,2003-07-17,00:00:00.00,0.578647,0.18081,0.936,0.756211,2.87
290,2003-07-18,00:00:00.00,0.0627957,0.172854,0.942,0.553784,3.2
291,2003-07-19,00:00:00.00,0,0.165248,0.793,0.420071,3.1
292,2003-07-20,00:00:00.00,0,0.157977,0.719,0.394661,2.78
293,2003-07-21,00:00:00.00,3.25319,0.151025,0.723,0.37674,2.72
294,2003-07-22,00:00:00.00,5.89805,0.14438,0.812,0.42582,2.94
295,2003-07-23,00:00:00.00,0.0642942,0.138027,0.982,0.445851,3.53
296,2003-07-24,00:00:00.00,0,0.131953,1.07,0.380596,3.39
297,2003-07-25,00:00:00.00,0.00861593,0.126147,1.44,0.34109,3.15
298,2003-07-26,00:00:00.00,0,0.120597,0.985,0.327692,2.93
299,2003-07-27,00:00:00.00,1.3247,0.11529,0.929,0.311964,3.05
300,2003-07-28,00:00:00.00,0.125591,0.110217,0.699,0.298866,2.9
301,2003-07-29,00:00:00.00,0,0.105367,0.642,0.285413,2.68
302,2003-07-30,00:00:00.00,0,0.100731,0.648,0.272999,2.5
303,2003-07-31,00:00:00.00,0,0.0962986,0.628,0.260917,2.38
304,2003-08-01,00:00:00.00,2.75659,0.0920612,0.665,0.24947,2.36
305,2003-08-02,00:00:00.00,2.4724,0.0880104,0.619,0.238476,2.37
306,2003-08-03,00:00:00.00,2.93261,0.0841377,0.631,0.233364,2.94
307,2003-08-04,00:00:00.00,18.1345,0.139043,0.817,0.333742,3.82
308,2003-08-05,00:00:00.00,0.00861593,0.226508,3.83,0.450347,3.44
309,2003-08-06,00:00:00.00,4.79968,1.58175,4.33,1.13774,3.47
310,2003-08-07,00:00:00.00,2.47727,2.45495,3.65,2.34985,7.91
311,2003-08-08,00:00:00.00,2.31309,1.45844,3.48,2.22913,6.42
312,2003-08-09,00:00:00.00,0,0.901042,2.54,1.23311,5.73
313,2003-08-10,00:00:00.00,0.189886,0.840288,1.81,0.978247,5.67
314,2003-08-11,00:00:00.00,0,0.786983,1.35,0.978401,5.49
315,2003-08-12,00:00:00.00,10.8335,0.759125,4.15,0.98305,4.46
316,2003-08-13,00:00:00.00,3.27938,0.775729,14.9,1.04783,7.05
317,2003-08-14,00:00:00.00,0.0642942,0.827643,15.9,1.01272,19.3
318,2003-08-15,00:00:00.00,0,0.813588,7.14,0.982691,18.2
319,2003-08-16,00:00:00.00,0.188387,0.773577,3.88,0.937066,11.1
320,2003-08-17,00:00:00.00,1.93107,0.741487,2.66,0.89273,7.4
321,2003-08-18,00:00:00.00,0,0.707958,2.04,0.85944,5.59
322,2003-08-19,00:00:00.00,0,0.677224,1.58,0.820698,4.61
323,2003-08-20,00:00:00.00,0,0.647232,1.14,0.78509,3.99
324,2003-08-21,00:00:00.00,0.0642942,0.618842,0.969,0.750417,3.5
325,2003-08-22,00:00:00.00,2.22852,0.59157,1,0.717383,3.13
326,2003-08-23,00:00:00.00,0,0.565559,0.863,0.685868,2.86
327,2003-08-24,00:00:00.00,0,0.540664,0.857,0.65564,2.63
328,2003-08-25,00:00:00.00,0.125591,0.516878,0.753,0.626826,2.51
329,2003-08-26,00:00:00.00,2.13506,0.494133,0.732,0.599221,2.46
330,2003-08-27,00:00:00.00,3.47254,0.472391,0.619,0.588613,2.44
331,2003-08-28,00:00:00.00,0,0.451604,0.441,0.575644,2.39
332,2003-08-29,00:00:00.00,0.313979,0.431733,0.361,0.54276,2.3
333,2003-08-30,00:00:00.00,0.568159,0.412736,0.374,0.515603,2.31
334,2003-08-31,00:00:00.00,0,0.394574,0.354,0.493688,2.24
335,2003-09-01,00:00:00.00,0,0.377212,0.357,0.471594,2.08
336,2003-09-02,00:00:00.00,0.541325,0.360614,0.353,0.451021,2.07
337,2003-09-03,00:00:00.00,0.0642942,0.344746,0.367,0.431089,2.09
338,2003-09-04,00:00:00.00,0,0.329577,0.389,0.412162,2.36
339,2003-09-05,00:00:00.00,0,0.315075,0.367,0.394006,2.17
340,2003-09-06,00:00:00.00,0,0.301211,0.359,0.376678,2.09
341,2003-09-07,00:00:00.00,0,0.287957,0.355,0.360099,2.04
342,2003-09-08,00:00:00.00,0,0.275286,0.305,0.344256,2.02
343,2003-09-09,00:00:00.00,0,0.263173,0.271,0.329107,2.01
344,2003-09-10,00:00:00.00,0,0.251593,0.273,0.314626,1.94
345,2003-09-11,00:00:00.00,0,0.240523,0.336,0.300782,1.94
346,2003-09-12,00:00:00.00,0,0.229939,0.394,0.287547,1.94
347,2003-09-13,00:00:00.00,0,0.219821,0.377,0.274894,1.92
348,2003-09-14,00:00:00.00,0,0.210149,0.429,0.262799,1.88
349,2003-09-15,00:00:00.00,3.86274,0.200902,0.324,0.251235,1.92
350,2003-09-16,00:00:00.00,9.44159,0.274218,0.448,0.368904,2.17
351,2003-09-17,00:00:00.00,0.0642942,0.394856,0.503,0.527557,2.47
352,2003-09-18,00:00:00.00,0,0.414049,0.566,0.522985,2.24
353,2003-09-19,00:00:00.00,1.87534,0.388273,0.464,0.465522,2.13
354,2003-09-20,00:00:00.00,23.0183,0.432257,0.746,1.45866,2.98
355,2003-09-21,00:00:00.00,0,0.473191,0.689,1.94749,3.84
356,2003-09-22,00:00:00.00,0.0642942,0.454159,0.658,0.94693,3.1
357,2003-09-23,00:00:00.00,21.1112,2.97506,0.765,7.11171,2.9
358,2003-09-24,00:00:00.00,0.188387,4.08226,1.74,12.58,3.74
359,2003-09-25,00:00:00.00,6.98257,3.68273,1.93,8.98063,3.71
360,2003-09-26,00:00:00.00,0.450059,4.05801,1.25,6.68952,4.41
361,2003-09-27,00:00:00.00,6.56585,4.09026,1.34,6.31839,3.87
362,2003-09-28,00:00:00.00,10.2183,5.08146,1.74,8.14106,5.07
363,2003-09-29,00:00:00.00,0.591897,4.13804,1.85,9.39718,5.76
364,2003-09-30,00:00:00.00,0.291778,2.84703,1.48,6.57914,4.84
365,2003-10-01,00:00:00.00,2.0332,2.69089,1.09,4.98574,4.12
366,2003-10-02,00:00:00.00,4.23174,2.65984,0.971,5.00668,3.87
367,2003-10-03,00:00:00.00,1.248,2.71358,0.98,4.87605,3.46
368,2003-10-04,00:00:00.00,11.8472,3.15458,0.881,5.34399,3.36
369,2003-10-05,00:00:00.00,6.53533,4.50211,1.39,6.7677,4.04
370,2003-10-06,00:00:00.00,1.59353,5.16318,2.94,7.99424,4.74
371,2003-10-07,00:00:00.00,0,4.26765,4.71,7.53534,5.46
372,2003-10-08,00:00:00.00,0.0642942,3.50772,3.26,6.32452,7.1
373,2003-10-09,00:00:00.00,0,3.32786,2.26,5.77481,6.36
374,2003-10-10,00:00:00.00,0,3.16797,1.73,5.5685,5.38
375,2003-10-11,00:00:00.00,0,3.03454,1.4,5.30563,4.56
376,2003-10-12,00:00:00.00,0,2.89825,1.12,5.07624,4.11
377,2003-10-13,00:00:00.00,0.42847,2.772,0.981,4.85364,3.77
378,2003-10-14,00:00:00.00,0,2.64943,0.911,4.63819,3.51
379,2003-10-15,00:00:00.00,34.7881,2.61166,1.19,6.13546,3.85
380,2003-10-16,00:00:00.00,3.6001,2.95871,13.4,7.51914,7.84
381,2003-10-17,00:00:00.00,0,3.10484,18.4,6.47478,18
382,2003-10-18,00:00:00.00,0,2.8458,7.91,5.43597,21
383,2003-10-19,00:00:00.00,1.87764,2.85667,4.63,5.16793,12.3
384,2003-10-20,00:00:00.00,0,2.95109,3.26,5.17014,8.8
385,2003-10-21,00:00:00.00,0,2.8537,2.55,5.09599,7.21
386,2003-10-22,00:00:00.00,0.265605,2.70605,2.09,4.84165,6.14
387,2003-10-23,00:00:00.00,0.257177,2.59473,1.82,4.62446,5.53
388,2003-10-24,00:00:00.00,0.0258478,2.47697,1.5,4.42521,5.1
389,2003-10-25,00:00:00.00,0.125591,2.36964,1.39,4.22871,4.75
390,2003-10-26,00:00:00.00,7.87782,3.59663,1.31,4.84763,4.57
391,2003-10-27,00:00:00.00,8.16264,5.37155,1.98,7.61548,5.02
392,2003-10-28,00:00:00.00,0.617882,4.82509,3.28,8.9585,6.47
393,2003-10-29,00:00:00.00,3.03774,4.00609,4.08,7.31878,7.01
394,2003-10-30,00:00:00.00,1.47277,3.97259,3.84,6.61579,7.86
395,2003-10-31,00:00:00.00,0,3.55909,3.58,6.48524,7.73
396,2003-11-01,00:00:00.00,0.125591,3.31999,3.3,5.93727,7.29
397,2003-11-02,00:00:00.00,3.13715,3.50115,2.9,5.83339,6.92
398,2003-11-03,00:00:00.00,6.50692,9.55306,6.61,9.00727,7.97
399,2003-11-04,00:00:00.00,11.6142,23.2589,31.4,19.7674,21
400,2003-11-05,00:00:00.00,0.887145,25.8432,37.8,28.6701,48.6
401,2003-11-06,00:00:00.00,0.207118,12.7853,24.5,21.7776,51.5
402,2003-11-07,00:00:00.00,0,5.39078,11.7,9.81927,29.4
403,2003-11-08,00:00:00.00,0.0627957,4.68145,7.87,6.62474,17.4
404,2003-11-09,00:00:00.00,0,3.8872,5.9,6.55705,13.4
405,2003-11-10,00:00:00.00,0,3.88797,4.25,5.83881,11
406,2003-11-11,00:00:00.00,2.30854,4.00077,3.5,5.93903,9.26
407,2003-11-12,00:00:00.00,4.48912,4.29639,3.29,6.13061,8.5
408,2003-11-13,00:00:00.00,6.43324,5.05568,4.01,6.79163,8.4
409,2003-11-14,00:00:00.00,4.43381,5.57826,6.63,7.60732,9.86
410,2003-11-15,00:00:00.00,0.705737,4.69542,8.28,7.25661,12.7
411,2003-11-16,00:00:00.00,1.48446,5.52368,9.71,6.98093,14.5
412,2003-11-17,00:00:00.00,3.36755,7.64652,15.6,8.63701,16.3
413,2003-11-18,00:00:00.00,0.595879,7.34573,23.4,9.6837,23
414,2003-11-19,00:00:00.00,10.8016,13.9067,18.8,12.9502,30.9
415,2003-11-20,00:00:00.00,8.68663,22.1485,37.5,23.5211,30.5
416,2003-11-21,00:00:00.00,0,16.7113,50.8,26.1327,64.3
417,2003-11-22,00:00:00.00,0,8.59011,19.5,15.7217,63.8
418,2003-11-23,00:00:00.00,0,5.96158,10.8,9.1958,26.1
419,2003-11-24,00:00:00.00,0,5.21965,7.85,8.24142,17.6
420,2003-11-25,00:00:00.00,8.47721,7.60005,6.69,9.18845,14.3
421,2003-11-26,00:00:00.00,0.707236,9.53593,7.36,11.7386,13.1
422,2003-11-27,00:00:00.00,0,7.18266,6.81,11.2776,13
423,2003-11-28,00:00:00.00,7.37518,6.22807,6.48,9.22001,12.6
424,2003-11-29,00:00:00.00,13.1881,16.5415,14.6,17.924,17.1
425,2003-11-30,00:00:00.00,0.443218,23.1985,35.1,29.7476,44.2
426,2003-12-01,00:00:00.00,0.941936,14.605,20.6,24.9671,50.2
427,2003-12-02,00:00:00.00,2.78638,9.30557,17.5,14.4753,29.9
428,2003-12-03,00:00:00.00,0,7.74723,16.1,11.4498,26.3
429,2003-12-04,00:00:00.00,0,5.95535,10.6,10.1007,21.4
430,2003-12-05,00:00:00.00,0,5.83139,8.12,8.79579,16
431,2003-12-06,00:00:00.00,0,5.4572,6.87,8.66121,13.8
432,2003-12-07,00:00:00.00,0,5.26984,5.52,8.20086,11.8
433,2003-12-08,00:00:00.00,0,5.01353,4.31,7.8421,10.3
434,2003-12-09,00:00:00.00,0,4.80423,3.88,7.51849,9.4
435,2003-12-10,00:00:00.00,0,4.59999,3.91,7.17104,8.97
436,2003-12-11,00:00:00.00,3.23076,8.4105,3.53,8.96525,8.55
437,2003-12-12,00:00:00.00,0.506013,12.0153,25.2,12.9488,10.5
438,2003-12-13,00:00:00.00,4.29712,8.47837,27.7,12.7496,35.8
439,2003-12-14,00:00:00.00,0.188387,5.28534,11.5,8.48295,28.6
440,2003-12-15,00:00:00.00,1.00838,4.8852,7.22,6.73428,15.9
441,2003-12-16,00:00:00.00,0,4.47535,7.6,6.63373,12.9
442,2003-12-17,00:00:00.00,0.902504,4.38186,6.08,6.1999,12.1
443,2003-12-18,00:00:00.00,1.20041,4.18143,10.5,6.01691,11.8
444,2003-12-19,00:00:00.00,0.125591,4.01227,12.5,5.75381,15.8
445,2003-12-20,00:00:00.00,0.980047,3.82811,8.72,5.48922,16.6
446,2003-12-21,00:00:00.00,0.231467,3.66308,7.07,5.25904,13.3
447,2003-12-22,00:00:00.00,0,3.50032,5.47,5.01857,11.1
448,2003-12-23,00:00:00.00,1.11061,3.77061,5.53,5.02424,10.3
449,2003-12-24,00:00:00.00,4.41262,13.8432,9.41,10.3667,11.6
450,2003-12-25,00:00:00.00,0.0430797,21.4593,40.9,20.0834,30.2
451,2003-12-26,00:00:00.00,0.375453,13.3129,26,19.2461,54.1
452,2003-12-27,00:00:00.00,0,6.43064,14.3,9.8967,31.1
453,2003-12-28,00:00:00.00,0,5.01332,9.58,6.09684,19.1
454,2003-12-29,00:00:00.00,1.0841,7.57924,7.68,7.45406,15
455,2003-12-30,00:00:00.00,6.79389,49.7213,7.71,30.7272,13.2
456,2003-12-31,00:00:00.00,0.294263,68.6716,43.9,64.7685,19.8
457,2004-01-01,00:00:00.00,0,24.7342,34.5,48.7999,65
458,2004-01-02,00:00:00.00,0.695564,3.94006,15.3,10.6576,37.6
459,2004-01-03,00:00:00.00,7.0775,8.17885,11.1,5.67643,20.7
460,2004-01-04,00:00:00.00,0.257177,9.80721,17.5,10.9047,19
461,2004-01-05,00:00:00.00,0.717764,7.7242,19.9,9.54906,25.7
462,2004-01-06,00:00:00.00,1.51804,5.15872,11.7,6.9306,23.9
463,2004-01-07,00:00:00.00,1.7568,4.7795,7.88,5.45285,16.4
464,2004-01-08,00:00:00.00,2.66078,4.41354,3,5.27522,12
465,2004-01-09,00:00:00.00,1.17466,4.27717,5.63,5.0046,10.7
466,2004-01-10,00:00:00.00,0,4.06236,4.4,4.77173,9.7
467,2004-01-11,00:00:00.00,0.29791,3.89592,3.7,4.58924,9
468,2004-01-12,00:00:00.00,3.78233,3.71879,3.3,4.36146,8.5
469,2004-01-13,00:00:00.00,1.82772,3.55779,2.9,4.18893,8.9
470,2004-01-14,00:00:00.00,0.125591,3.40002,2.75,3.99162,9.3
471,2004-01-15,00:00:00.00,1.45524,3.25098,2.58,3.8241,8.3
472,2004-01-16,00:00:00.00,0,3.10767,2.4,3.65099,7.9
473,2004-01-17,00:00:00.00,0,2.97105,2.2,3.49313,7.5
474,2004-01-18,00:00:00.00,1.04467,2.84026,2.08,3.33786,7.2
475,2004-01-19,00:00:00.00,1.98097,2.71531,1.97,3.19185,6.8
476,2004-01-20,00:00:00.00,0.313979,2.59582,1.88,3.05093,6.6
477,2004-01-21,00:00:00.00,0.125591,2.4816,1.8,2.91694,6.4
478,2004-01-22,00:00:00.00,3.68375,2.3724,1.73,2.78845,6.2
479,2004-01-23,00:00:00.00,2.23216,2.26801,1.68,2.66583,5.9
480,2004-01-24,00:00:00.00,0.337342,2.16822,1.58,2.54849,5.7
481,2004-01-25,00:00:00.00,0.188387,2.07281,1.55,2.43637,5.5
482,2004-01-26,00:00:00.00,0,1.9816,1.52,2.32915,5.3
483,2004-01-27,00:00:00.00,1.72067,1.89441,1.48,2.22667,5.2
484,2004-01-28,00:00:00.00,2.08867,1.81105,1.42,2.12869,5
485,2004-01-29,00:00:00.00,3.03061,1.73136,1.4,2.03502,4.9
486,2004-01-30,00:00:00.00,0.886435,1.65518,1.38,1.94548,4.7
487,2004-01-31,00:00:00.00,6.71767,1.58235,1.36,1.85987,4.6
488,2004-02-01,00:00:00.00,2.37017,1.51272,1.34,1.77804,4.5
489,2004-02-02,00:00:00.00,0,1.44616,1.32,1.6998,4.4
490,2004-02-03,00:00:00.00,1.38515,1.38252,1.3,1.625,4.3
491,2004-02-04,00:00:00.00,0.92222,1.32878,1.31,1.55719,4.5
492,2004-02-05,00:00:00.00,0.105875,1.27793,1.33,1.49673,4.2
493,2004-02-06,00:00:00.00,0.462934,1.22222,1.36,1.4349,4
494,2004-02-07,00:00:00.00,0.92222,1.16844,1.33,1.37114,4.3
495,2004-02-08,00:00:00.00,0,1.11703,1.3,1.31085,4.1
496,2004-02-09,00:00:00.00,0,1.06788,1.28,1.25325,3.9
497,2004-02-10,00:00:00.00,0.357058,1.02089,1.23,1.19802,3.8
498,2004-02-11,00:00:00.00,0.929515,0.975968,1.2,1.14537,4
499,2004-02-12,00:00:00.00,0.168671,0.933023,1.17,1.09493,3.8
500,2004-02-13,00:00:00.00,0.0627957,0.891968,1.15,1.04677,3.9
501,2004-02-14,00:00:00.00,0,0.85272,1.13,1.0007,3.6
502,2004-02-15,00:00:00.00,0.545446,0.815199,1.1,0.956675,3.5
503,2004-02-16,00:00:00.00,0,0.779328,1.09,0.914577,3.4
504,2004-02-17,00:00:00.00,0,0.745036,1.08,0.874335,3.3
505,2004-02-18,00:00:00.00,0,0.712253,1.07,0.835862,3.5
506,2004-02-19,00:00:00.00,0,0.680913,1.09,0.799083,3.4
507,2004-02-20,00:00:00.00,0.142823,0.650951,1.11,0.763921,3.7
508,2004-02-21,00:00:00.00,2.81936,1.30193,1.17,1.08357,4.1
509,2004-02-22,00:00:00.00,0.902504,1.5336,1.28,1.58003,4.8
510,2004-02-23,00:00:00.00,0.128588,0.930752,1.6,1.33575,4.6
511,2004-02-24,00:00:00.00,0.548442,0.70759,1.9,0.824802,5
512,2004-02-25,00:00:00.00,0.128588,0.637606,3,0.734685,4.8
513,2004-02-26,00:00:00.00,0,0.608264,2.8,0.702083,5.3
514,2004-02-27,00:00:00.00,0,0.581561,2.6,0.660394,5.7
515,2004-02-28,00:00:00.00,0,0.555971,2.55,0.640337,6.6
516,2004-02-29,00:00:00.00,0,0.531508,2.53,0.606325,8.2
517,2004-03-01,00:00:00.00,0,1.49484,2.7,1.09655,9.9
518,2004-03-02,00:00:00.00,1.31974,4.61096,3.16,3.27312,15
519,2004-03-03,00:00:00.00,1.76591,15.4843,11.7,10.6422,24
520,2004-03-04,00:00:00.00,0.313979,23.1808,43.3,20.6242,38
521,2004-03-05,00:00:00.00,3.48882,25.8904,47.8,25.4207,60
522,2004-03-06,00:00:00.00,18.8807,81.1144,64,55.7231,85.1
523,2004-03-07,00:00:00.00,0,98.9858,168,97.5732,150
524,2004-03-08,00:00:00.00,6.60694,33.0047,74,67.7946,258
525,2004-03-09,00:00:00.00,1.28588,1.62281,30.2,13.1743,126
526,2004-03-10,00:00:00.00,1.28588,2.07968,17.9,1.8157,46.9
527,2004-03-11,00:00:00.00,0,1.73036,13.4,2.98811,32.2
528,2004-03-12,00:00:00.00,2.811,1.84799,12,2.51896,26.1
529,2004-03-13,00:00:00.00,1.3888,1.75759,9.94,2.52339,23.2
530,2004-03-14,00:00:00.00,0,1.67311,7.28,2.4634,19.3
531,2004-03-15,00:00:00.00,2.43119,1.58534,7.31,2.26794,16.7
532,2004-03-16,00:00:00.00,0,1.52103,7.39,2.21968,15.9
533,2004-03-17,00:00:00.00,1.64363,1.45159,7.19,2.09032,14.7
534,2004-03-18,00:00:00.00,0.702741,1.38888,5.62,2.01719,13.1
535,2004-03-19,00:00:00.00,0,1.32722,6.36,1.91753,12
536,2004-03-20,00:00:00.00,0.277031,1.26907,5.27,1.83931,12.2
537,2004-03-21,00:00:00.00,7.78685,4.65196,7.51,6.1283,12.4
538,2004-03-22,00:00:00.00,0.0627957,7.25669,21.3,11.2228,15.9
539,2004-03-23,00:00:00.00,0.313979,4.5203,13.9,8.8409,27.4
540,2004-03-24,00:00:00.00,1.72484,2.5778,9.58,4.61808,18.9
541,2004-03-25,00:00:00.00,2.79058,4.91799,7.66,6.22754,16.1
542,2004-03-26,00:00:00.00,2.94978,57.8012,23.2,36.1924,15.2
543,2004-03-27,00:00:00.00,12.4152,146.51,67.8,118.452,45.7
544,2004-03-28,00:00:00.00,0,155.356,81.9,173.071,98.9
545,2004-03-29,00:00:00.00,0,82.2014,34.3,124.212,101
546,2004-03-30,00:00:00.00,5.62439,33.7252,19.6,51.8711,43.4
547,2004-03-31,00:00:00.00,23.5112,41.7799,23.3,49.3096,35.6
548,2004-04-01,00:00:00.00,1.85469,38.582,32.6,65.862,76
549,2004-04-02,00:00:00.00,2.4975,17.1764,27.5,41.744,76.6
550,2004-04-03,00:00:00.00,0.514353,9.88489,18.8,19.3267,41.5
551,2004-04-04,00:00:00.00,1.24519,7.46859,14,14.2749,30
552,2004-04-05,00:00:00.00,0.642942,6.34043,10.5,11.048,22.6
553,2004-04-06,00:00:00.00,0,5.32049,7.08,9.55633,18
554,2004-04-07,00:00:00.00,1.90536,4.75376,4.75,8.68968,15.3
555,2004-04-08,00:00:00.00,0,4.67004,4.3,8.25279,13.6
556,2004-04-09,00:00:00.00,0,4.69159,3.87,8.29586,12.6
557,2004-04-10,00:00:00.00,0,4.67946,3.48,8.13426,11.7
558,2004-04-11,00:00:00.00,0,4.50529,3.06,7.89585,10.8
559,2004-04-12,00:00:00.00,0,4.27491,2.76,7.52367,9.99
560,2004-04-13,00:00:00.00,1.08551,4.0991,2.51,7.18094,9.14
561,2004-04-14,00:00:00.00,4.88636,3.94813,2.53,6.93952,9.08
562,2004-04-15,00:00:00.00,0,3.83224,2.72,6.71182,9.06
563,2004-04-16,00:00:00.00,0,3.85762,2.4,6.5104,8.85
564,2004-04-17,00:00:00.00,0.586041,3.75744,2.2,6.35024,8.34
565,2004-04-18,00:00:00.00,8.80548,3.4575,2.24,6.09797,7.86
566,2004-04-19,00:00:00.00,11.8261,3.43989,4.46,6.25941,8.29
567,2004-04-20,00:00:00.00,0.630954,3.46845,14.2,6.43389,13.9
568,2004-04-21,00:00:00.00,0.991147,3.21877,8.47,5.92128,21.2
569,2004-04-22,00:00:00.00,9.24369,3.01643,6.16,5.57752,15.4
570,2004-04-23,00:00:00.00,0.128588,2.88408,8.54,5.42446,16.2
571,2004-04-24,00:00:00.00,0,2.75438,6.26,5.03662,16
572,2004-04-25,00:00:00.00,0,2.63422,4.5,4.72916,13.2
573,2004-04-26,00:00:00.00,3.45507,2.51781,3.65,4.52851,11.3
574,2004-04-27,00:00:00.00,3.43314,2.41024,3.75,4.34681,11
575,2004-04-28,00:00:00.00,0.514353,2.30729,3.88,4.16941,10.6
576,2004-04-29,00:00:00.00,0.32011,2.20603,3.53,3.98052,10.7
577,2004-04-30,00:00:00.00,0,2.10894,3.1,3.80296,9.76
578,2004-05-01,00:00:00.00,3.38155,2.01615,2.77,3.63582,8.79
579,2004-05-02,00:00:00.00,8.30451,2.03766,2.81,3.55069,8.47
580,2004-05-03,00:00:00.00,16.5984,2.32049,8.68,4.62103,11
581,2004-05-04,00:00:00.00,0,2.49773,19.5,5.32423,23.3
582,2004-05-05,00:00:00.00,4.02748,2.5332,11,4.50869,26.3
583,2004-05-06,00:00:00.00,2.95753,2.66345,8.32,4.34287,17.7
584,2004-05-07,00:00:00.00,1.4,2.59147,7.51,4.52963,15
585,2004-05-08,00:00:00.00,0,2.43543,6.15,4.29013,13.4
586,2004-05-09,00:00:00.00,14.5727,2.34234,5.38,4.26059,12.7
587,2004-05-10,00:00:00.00,11.7959,3.30813,19.2,6.42384,16.6
588,2004-05-11,00:00:00.00,5.16928,4.60507,30,9.79304,35.4
589,2004-05-12,00:00:00.00,0.128588,4.00606,23.5,9.3692,44.8
590,2004-05-13,00:00:00.00,0,3.01045,12.9,6.39624,30.4
591,2004-05-14,00:00:00.00,5.91258,2.79355,8.78,5.17267,18.7
592,2004-05-15,00:00:00.00,9.21118,2.65672,6.91,5.2199,14.3
593,2004-05-16,00:00:00.00,0.385765,2.54471,9.62,5.07298,12.3
594,2004-05-17,00:00:00.00,0,2.43047,7.75,4.67886,14.2
595,2004-05-18,00:00:00.00,0,2.32458,5.52,4.37263,12.4
596,2004-05-19,00:00:00.00,0.222851,2.22181,4.22,4.17253,10.7
597,2004-05-20,00:00:00.00,0.128588,2.12427,3.57,3.98655,9.24
598,2004-05-21,00:00:00.00,0.0344637,2.03069,3.19,3.81145,8.22
599,2004-05-22,00:00:00.00,1.19976,1.94138,3,3.64381,7.72
600,2004-05-23,00:00:00.00,24.7534,2.81358,3.61,4.59639,7.61
601,2004-05-24,00:00:00.00,22.7621,28.6094,27.6,23.6638,19.1
602,2004-05-25,00:00:00.00,11.6304,51.5858,32.8,65.0183,67.5
603,2004-05-26,00:00:00.00,0.382768,27.2174,32.8,65.3648,92.2
604,2004-05-27,00:00:00.00,0.128588,5.74474,22.5,22.9033,77.4
605,2004-05-28,00:00:00.00,1.31871,4.53718,13.6,6.26614,28.3
606,2004-05-29,00:00:00.00,0,3.05525,9.68,7.25084,18.8
607,2004-05-30,00:00:00.00,0,3.28005,6.82,5.48832,14.7
608,2004-05-31,00:00:00.00,0,2.9094,5.03,5.65255,12.1
609,2004-06-01,00:00:00.00,5.60637,2.88004,4.09,5.348,10.6
610,2004-06-02,00:00:00.00,1.26396,2.70764,4.4,5.101,10.4
611,2004-06-03,00:00:00.00,3.37701,2.60964,4,4.94756,11.2
612,2004-06-04,00:00:00.00,0.128588,2.48503,3.7,4.67212,10.2
613,2004-06-05,00:00:00.00,0,2.38021,3.17,4.49254,8.72
614,2004-06-06,00:00:00.00,0,2.27338,2.9,4.26066,7.72
615,2004-06-07,00:00:00.00,0,2.17432,2.82,4.09098,6.98
616,2004-06-08,00:00:00.00,0,2.07819,2.71,3.9006,6.42
617,2004-06-09,00:00:00.00,0.627957,1.98696,2.72,3.7348,5.9
618,2004-06-10,00:00:00.00,0.954574,1.89943,2.46,3.56725,5.61
619,2004-06-11,00:00:00.00,1.86317,1.8159,2.56,3.41503,5.99
620,2004-06-12,00:00:00.00,0,1.73597,2.4,3.26799,5.43
621,2004-06-13,00:00:00.00,0,1.65959,2.36,3.12555,5.24
622,2004-06-14,00:00:00.00,15.2757,1.58656,2.5,3.1067,4.99
623,2004-06-15,00:00:00.00,16.0037,10.7367,3.96,8.03536,5.76
624,2004-06-16,00:00:00.00,0.128588,18.2444,77.6,17.1971,6.5
625,2004-06-17,00:00:00.00,0.791522,8.90307,30.3,15.5343,79.5
626,2004-06-18,00:00:00.00,5.44093,2.46675,12,5.7304,30.2
627,2004-06-19,00:00:00.00,0.137855,2.63009,8.85,3.14366,15.5
628,2004-06-20,00:00:00.00,1.15729,1.9512,5.42,3.66305,12.7
629,2004-06-21,00:00:00.00,0,2.09019,3.51,2.96113,9.64
630,2004-06-22,00:00:00.00,6.29211,1.89385,2.45,3.0292,7.95
631,2004-06-23,00:00:00.00,0.385765,1.85883,2.23,2.85966,7.07
632,2004-06-24,00:00:00.00,6.72297,1.75468,2.18,2.72046,6.55
633,2004-06-25,00:00:00.00,5.56315,1.68782,2.18,2.67231,6.18
634,2004-06-26,00:00:00.00,0.125591,1.60876,2.2,2.55423,5.84
635,2004-06-27,00:00:00.00,0,1.54019,2.56,2.43272,5.69
636,2004-06-28,00:00:00.00,0.707985,1.47139,2.04,2.30015,5.6
637,2004-06-29,00:00:00.00,0.137204,1.40712,1.78,2.20809,5.28
638,2004-06-30,00:00:00.00,0,1.34499,1.65,2.10546,4.85
639,2004-07-01,00:00:00.00,0,1.28591,1.49,2.01585,4.56
640,2004-07-02,00:00:00.00,0,1.22928,1.49,1.9255,4.34
641,2004-07-03,00:00:00.00,0,1.17521,1.45,1.84166,4.06
642,2004-07-04,00:00:00.00,0,1.12349,1.36,1.76015,3.82
643,2004-07-05,00:00:00.00,5.25292,1.07405,1.31,1.68914,3.77
644,2004-07-06,00:00:00.00,0.385765,1.02679,1.39,1.62212,3.86
645,2004-07-07,00:00:00.00,4.58709,0.981612,1.7,1.55107,3.73
646,2004-07-08,00:00:00.00,6.4989,1.04073,1.9,1.54154,4
647,2004-07-09,00:00:00.00,0.523107,1.14013,2.5,1.61566,4.4
648,2004-07-10,00:00:00.00,0.128588,1.09778,5.08,1.62267,4.11
649,2004-07-11,00:00:00.00,0,1.02746,2.38,1.52699,6.84
650,2004-07-12,00:00:00.00,0,0.989263,1.49,1.4504,5.84
651,2004-07-13,00:00:00.00,0,0.942485,1.21,1.39372,4.66
652,2004-07-14,00:00:00.00,5.79063,0.902517,1.1,1.32895,4.09
653,2004-07-15,00:00:00.00,4.75079,0.910192,1.09,1.30897,4.05
654,2004-07-16,00:00:00.00,6.4059,1.02791,1.67,1.41806,4.08
655,2004-07-17,00:00:00.00,0.257177,1.133,3.16,1.54728,4.02
656,2004-07-18,00:00:00.00,8.88626,1.11327,4.42,1.68451,4.76
657,2004-07-19,00:00:00.00,5.27989,1.05811,8.71,1.82028,5.49
658,2004-07-20,00:00:00.00,0.408616,1.0142,11,1.6889,11.5
659,2004-07-21,00:00:00.00,0.128588,0.968346,6.6,1.43033,13.1
660,2004-07-22,00:00:00.00,1.589,0.926305,3.59,1.2971,9.56
661,2004-07-23,00:00:00.00,6.94377,0.885283,2.55,1.35241,7.06
662,2004-07-24,00:00:00.00,0,0.84645,1.89,1.37033,6.04
663,2004-07-25,00:00:00.00,0,0.809149,1.64,1.20996,5.01
664,2004-07-26,00:00:00.00,0,0.77357,1.21,1.10275,4.48
665,2004-07-27,00:00:00.00,1.03671,0.73952,0.952,1.05543,4.07
666,2004-07-28,00:00:00.00,12.671,0.706985,1.24,1.2227,4.12
667,2004-07-29,00:00:00.00,1.60586,0.679358,1.3,1.36389,4.67
668,2004-07-30,00:00:00.00,0,0.65321,1.39,1.15899,4.65
669,2004-07-31,00:00:00.00,9.73135,0.624727,1.16,1.00488,4.23
670,2004-08-01,00:00:00.00,26.3546,0.690539,4.58,3.44643,5.11
671,2004-08-02,00:00:00.00,0,0.751921,10.7,4.56856,8.48
672,2004-08-03,00:00:00.00,8.00946,0.92853,4.71,2.71579,13
673,2004-08-04,00:00:00.00,0.630954,1.02395,2.79,2.49297,8.44
674,2004-08-05,00:00:00.00,1.74633,0.897164,3.48,2.4085,6.33
675,2004-08-06,00:00:00.00,0.128588,0.850913,2.93,2.07787,5.97
676,2004-08-07,00:00:00.00,0,0.813471,2.25,2.0523,5.45
677,2004-08-08,00:00:00.00,0,0.777677,1.76,1.93725,4.72
678,2004-08-09,00:00:00.00,0,0.743457,1.45,1.8612,4.26
679,2004-08-10,00:00:00.00,0.402622,0.710744,1.14,1.77597,3.88
680,2004-08-11,00:00:00.00,0.249211,0.67947,1.02,1.69898,3.67
681,2004-08-12,00:00:00.00,5.33772,0.649572,0.744,1.64354,3.54
682,2004-08-13,00:00:00.00,0.180284,0.620989,0.783,1.58659,3.4
683,2004-08-14,00:00:00.00,3.52662,0.593664,0.844,1.51378,3.66
684,2004-08-15,00:00:00.00,0,0.567542,0.848,1.45004,3.75
685,2004-08-16,00:00:00.00,0,0.542569,0.751,1.38468,3.72
686,2004-08-17,00:00:00.00,0,0.518695,0.657,1.32189,3.49
687,2004-08-18,00:00:00.00,0.348442,0.495871,0.595,1.2643,3.22
688,2004-08-19,00:00:00.00,0.319972,0.474052,0.591,1.20839,3.14
689,2004-08-20,00:00:00.00,0,0.453193,0.582,1.15535,3.03
690,2004-08-21,00:00:00.00,0.0714117,0.433251,0.553,1.10445,2.87
691,2004-08-22,00:00:00.00,0,0.414187,0.539,1.05588,3.09
692,2004-08-23,00:00:00.00,0,0.395962,0.528,1.00941,2.83
693,2004-08-24,00:00:00.00,0.128588,0.378539,0.538,0.964999,2.75
694,2004-08-25,00:00:00.00,0,0.361883,0.481,0.922534,2.66
695,2004-08-26,00:00:00.00,1.01502,0.345959,0.475,0.881942,2.59
696,2004-08-27,00:00:00.00,7.34807,0.330736,0.595,0.967799,2.78
697,2004-08-28,00:00:00.00,2.23516,0.31622,0.66,1.01278,3.19
698,2004-08-29,00:00:00.00,10.6383,0.345425,0.858,1.41155,3.3
699,2004-08-30,00:00:00.00,18.5726,0.68738,1.2,2.70038,3.84
700,2004-08-31,00:00:00.00,0,0.952174,4.9,3.18255,7.01
701,2004-09-01,00:00:00.00,0.128588,0.86575,4.05,2.44503,6.41
702,2004-09-02,00:00:00.00,0,0.810441,2.03,2.03405,7.34
703,2004-09-03,00:00:00.00,0,0.779228,1.3,1.95936,5.55
704,2004-09-04,00:00:00.00,0,0.742881,1,1.86452,4.42
705,2004-09-05,00:00:00.00,0,0.711146,0.803,1.78371,3.87
706,2004-09-06,00:00:00.00,0,0.679413,0.677,1.70529,3.46
707,2004-09-07,00:00:00.00,5.01124,0.649722,0.562,1.6301,3.2
708,2004-09-08,00:00:00.00,4.76057,0.670833,0.555,1.59665,3.14
709,2004-09-09,00:00:00.00,3.75883,0.866928,0.583,1.68417,3.06
710,2004-09-10,00:00:00.00,14.1417,1.05627,1,2.48247,3.68
711,2004-09-11,00:00:00.00,0,1.01844,1.06,2.82229,4.24
712,2004-09-12,00:00:00.00,0,0.94619,0.818,2.07267,4.18
713,2004-09-13,00:00:00.00,0,0.912968,0.698,1.73218,3.93
714,2004-09-14,00:00:00.00,0,0.868902,0.606,1.68804,3.59
715,2004-09-15,00:00:00.00,0,0.832471,0.536,1.59082,3.32
716,2004-09-16,00:00:00.00,0,0.795006,0.503,1.53095,3.13
717,2004-09-17,00:00:00.00,1.01372,0.760411,0.499,1.4592,2.96
718,2004-09-18,00:00:00.00,0,0.726772,0.418,1.39678,2.88
719,2004-09-19,00:00:00.00,0,0.694875,0.394,1.33465,2.75
720,2004-09-20,00:00:00.00,0,0.664261,0.39,1.27614,2.63
721,2004-09-21,00:00:00.00,0,0.63505,0.405,1.21994,2.54
722,2004-09-22,00:00:00.00,0,0.607098,0.413,1.16625,2.5
723,2004-09-23,00:00:00.00,0,0.580389,0.385,1.11495,2.43
724,2004-09-24,00:00:00.00,0,0.554849,0.502,1.06588,2.36
725,2004-09-25,00:00:00.00,0,0.530435,0.496,1.01899,2.34
726,2004-09-26,00:00:00.00,0,0.507094,0.505,0.974142,2.35
727,2004-09-27,00:00:00.00,0,0.484781,0.479,0.931282,2.4
728,2004-09-28,00:00:00.00,0,0.46345,0.418,0.890302,2.38
729,2004-09-29,00:00:00.00,0,0.443057,0.395,0.851128,2.32
730,2004-09-30,00:00:00.00,0,0.423562,0.403,0.813676,2.27
