,HRU:,1,2,3,4,5,6,7,8,9,10,11,12,13,14,15,16,17,18,19,20,21,22,23,24,25,26,27,28,29,30,31,32,
time,day,mean,mean,mean,mean,mean,mean,mean,mean,mean,mean,mean,mean,mean,mean,mean,mean,mean,mean,mean,mean,mean,mean,mean,mean,mean,mean,mean,mean,mean,mean,mean,mean,
1,2002-10-01,0,0,0,0,0,0,0,0,0,0,0,0,0,0,0,0,0,0,0,0,0,0,0,0,0,0,0,0,0,0,0,0,
2,2002-10-02,0,0,0,0,0,0,0,0,0,0,0,0,0,0,0,0,0,0,0,0,0,0,0,0,0,0,0,0,0,0,0,0,
3,2002-10-03,0,0,0,0,0,0,0,0,0,0,0,0,0,0,0,0,0,0,0,0,0,0,0,0,0,0,0,0,0,0,0,0,
4,2002-10-04,0,0,0,0,0,0,0,0,0,0,0,0,0,0,0,0,0,0,0,0,0,0,0,0,0,0,0,0,0,0,0,0,
5,2002-10-05,0,0,0,0,0,0,0,0,0,0,0,0,0,0,0,0,0,0,0,0,0,0,0,0,0,0,0,0,0,0,0,0,
6,2002-10-06,0,0,0,0,0,0,0,0,0,0,0,0,0,0,0,0,0,0,0,0,0,0,0,0,0,0,0,0,0,0,0,0,
7,2002-10-07,0,0,0,0,0,0,0,0,0,0,0,0,0,0,0,0,0,0,0,0,0,0,0,0,0,0,0,0,0,0,0,0,
8,2002-10-08,0,0,0,0,0,0,0,0,0,0,0,0,0,0,0,0,0,0,0,0,0,0,0,0,0,0,0,0,0,0,0,0,
9,2002-10-09,0,0,0,0,0,0,0,0,0,0,0,0,0,0,0,0,0,0,0,0,0,0,0,0,0,0,0,0,0,0,0,0,
10,2002-10-10,0,0,0,0,0,0,0,0,0,0,0,0,0,0,0,0,0,0,0,0,0,0,0,0,0,0,0,0,0,0,0,0,
11,2002-10-11,0,0,0,0,0,0,0,0,0,0,0,0,0,0,0,0,0,0,0,0,0,0,0,0,0,0,0,0,0,0,0,0,
12,2002-10-12,0,0,0,0,0,0,0,0,0,0,0,0,0,0,0,0,0,0,0,0,0,0,0,0,0,0,0,0,0,0,0,0,
13,2002-10-13,0,0,0,0,0,0,0,0,0,0,0,0,0,0,0,0,0,0,0,0,0,0,0,0,0,0,0,0,0,0,0,0,
14,2002-10-14,0,0,0,0,0,0,0,0,0,0,0,0,0,0,0,0,0,0,0,0,0,0,0,0,0,0,0,0,0,0,0,0,
15,2002-10-15,0,0,0,0,0,0,0,0,0,0,0,0,0,0,0,0,0,0,0,0,0,0,0,0,0,0,0,0,0,0,0,0,
16,2002-10-16,0,0,0,0,0,0,0,0,0,0,0,0,0,0,0,0,0,0,0,0,0,0,0,0,0,0,0,0,0,0,0,0,
17,2002-10-17,0,0,0,0,0,0,0,0,0,0,0,0,0,0,0,0,0,0,0,0,0,0,0,0,0,0,0,0,0,0,0,0,
18,2002-10-18,0,0,0,0,0,0,0,0,0,0,0,0,0,0,0,0,0,0,0,0,0,0,0,0,0,0,0,0,0,0,0,0,
19,2002-10-19,0,0,0,0,0,0,0,0,0,0,0,0,0,0,0,0,0,0,0,0,0,0,0,0,0,0,0,0,0,0,0,0,
20,2002-10-20,0,0,0,0,0,0,0,0,0,0,0,0,0,0,0,0,0,0,0,0,0,0,0,0,0,0,0,0,0,0,0,0,
21,2002-10-21,0,0,0,0,0,0,0,0,0,0,0,0,0,0,0,0,0,0,0,0,0,0,0,0,0,0,0,0,0,0,0,0,
22,2002-10-22,0,0,0,0,0,0,0,0,0,0,0,0,0,0,0,0,0,0,0,0,0,0,0,0,0,0,0,0,0,0,0,0,
23,2002-10-23,0,0,0,0,0,0,0,0,0,0,0,0,0,0,0,0,0,0,0,0,0,0,0,0,0,0,0,0,0,0,0,0,
24,2002-10-24,0,0,0,0,0,0,0,0,0,0,0,0,0,0,0,0,0,0,0,0,0,0,0,0,0,0,0,0,0,0,0,0,
25,2002-10-25,0,0,0,0,0,0,0,0,0,0,0,0,0,0,0,0,0,0,0,0,0,0,0,0,0,0,0,0,0,0,0,0,
26,2002-10-26,0,0,0,0,0,0,0,0,0,0,0,0,0,0,0,0,0,0,0,0,0,0,0,0,0,0,0,0,0,0,0,0,
27,2002-10-27,0,0,0,0,0,0,0,0,0,0,0,0,0,0,0,0,0,0,0,0,0,0,0,0,0,0,0,0,0,0,0,0,
28,2002-10-28,0,0,0,0,0,0,0,0,0,0,0,0,0,0,0,0,0,0,0,0,0,0,0,0,0,0,0,0,0,0,0,0,
29,2002-10-29,0,0,0,0,0,0,0,0,0,0,0,0,0,0,0,0,0,0,0,0,0,0,0,0,0,0,0,0,0,0,0,0,
30,2002-10-30,0,0,0,0,0,0,0,0,0,0,0,0,0,0,0,0,0,0,0,0,0,0,0,0,0,0,0,0,0,0,0,0,
31,2002-10-31,5.41652,5.41652,5.17155,5.41652,5.41652,3.33285,6.2685,3.33285,3.18212,5.985,3.18212,3.33285,6.2685,3.33285,3.33285,3.33285,3.33285,3.18212,3.18212,3.18212,3.33285,3.33285,3.33285,3.3496,3.33285,3.33285,3.33285,3.18212,3.33285,3.33285,3.33285,3.3496,
32,2002-11-01,14.5705,14.5705,13.9116,14.5705,14.5705,3.37989,11.2435,3.38126,3.46956,10.735,3.46962,3.38997,11.2435,3.38546,3.38273,3.38802,3.39585,3.46918,3.46854,3.46957,3.37954,3.39989,3.39003,3.38012,3.38469,3.3798,3.42641,3.46925,3.38334,3.38047,3.41289,3.38238,
33,2002-11-02,16.281,16.281,15.5447,16.281,16.281,4.24914,11.5569,4.25051,4.30424,11.0343,4.3043,4.25921,11.5569,4.2547,4.25197,4.25726,4.2651,4.30387,4.30323,4.30426,4.24879,4.26914,4.25928,4.25321,4.25394,4.24905,4.29566,4.30393,4.25259,4.24972,4.28214,4.25547,
34,2002-11-03,16.281,16.281,15.5447,16.281,16.281,2.05141,7.95117,2.05921,3.34774,9.36271,3.3481,2.1089,7.85414,2.08315,2.06757,2.09777,2.1425,3.34561,3.34194,3.34784,2.0494,2.16555,2.10926,1.96552,2.07881,2.05089,2.31692,3.34597,2.07107,2.05472,2.23978,1.9784,
35,2002-11-04,9.94184,9.93731,12.8007,9.95342,9.94266,0,1.98498,0,0,6.59693,0,0,1.7274,0,0,0,0,0,0,0,0,0,0,0,0,0,0,0,0,0,0,0,
36,2002-11-05,8.75018,8.74475,12.3199,8.76406,8.75116,0,0,0,0,3.85095,0,0,0,0,0,0,0,0,0,0,0,0,0,0,0,0,0,0,0,0,0,0,
37,2002-11-06,3.75083,3.74184,10.1559,3.77385,3.75246,0,0,0,0,1.39708,0,0,0,0,0,0,0,0,0,0,0,0,0,0,0,0,0,0,0,0,0,0,
38,2002-11-07,3.93837,3.92893,10.6637,3.96254,3.94009,0,0,0,0,0.584862,0,0,0,0,0,0,0,0,0,0,0,0,0,0,0,0,0,0,0,0,0,0,
39,2002-11-08,0,0,3.19511,0,0,0,0,0,0,0,0,0,0,0,0,0,0,0,0,0,0,0,0,0,0,0,0,0,0,0,0,0,
40,2002-11-09,0,0,0,0,0,0,0,0,0,0,0,0,0,0,0,0,0,0,0,0,0,0,0,0,0,0,0,0,0,0,0,0,
41,2002-11-10,0,0,0,0,0,0,0,0,0,0,0,0,0,0,0,0,0,0,0,0,0,0,0,0,0,0,0,0,0,0,0,0,
42,2002-11-11,0,0,0,0,0,0,0,0,0,0,0,0,0,0,0,0,0,0,0,0,0,0,0,0,0,0,0,0,0,0,0,0,
43,2002-11-12,0,0,0,0,0,0,0,0,0,0,0,0,0,0,0,0,0,0,0,0,0,0,0,0,0,0,0,0,0,0,0,0,
44,2002-11-13,0,0,0,0,0,0,0,0,0,0,0,0,0,0,0,0,0,0,0,0,0,0,0,0,0,0,0,0,0,0,0,0,
45,2002-11-14,0,0,0,0,0,0,0,0,0,0,0,0,0,0,0,0,0,0,0,0,0,0,0,0,0,0,0,0,0,0,0,0,
46,2002-11-15,0,0,0,0,0,1.4,0,1.4,1.4,0,1.4,1.4,0,1.4,1.4,1.4,1.4,1.4,1.4,1.4,1.4,1.4,1.4,1.4,1.4,1.4,1.4,1.4,1.4,1.4,1.4,1.4,
47,2002-11-16,1,1,1,1,1,1.4,0.5,1.4,1.4,0.5,1.4,1.4,0.5,1.4,1.4,1.4,1.4,1.4,1.4,1.4,1.4,1.4,1.4,1.4,1.4,1.4,1.4,1.4,1.4,1.4,1.4,1.4,
48,2002-11-17,3,3,3,3,3,4.1,2,4.1,4.1,2,4.1,4.1,2,4.1,4.1,4.1,4.1,4.1,4.1,4.1,4.1,4.1,4.1,4.1,4.1,4.1,4.1,4.1,4.1,4.1,4.1,4.1,
49,2002-11-18,3,3,3,3,3,4.3084,0.368875,4.3084,4.3084,1.24385,4.3084,4.3084,0.324982,4.3084,4.3084,4.3084,4.3084,4.3084,4.3084,4.3084,4.3084,4.3084,4.3084,4.3084,4.3084,4.3084,4.3084,4.3084,4.3084,4.3084,4.3084,4.3084,
50,2002-11-19,2.65265,2.65224,2.97837,2.6537,2.65272,0.102038,0,0.114359,2.47771,0,2.47827,0.192797,0,0.152156,0.127554,0.175223,0.245849,2.47434,2.46855,2.47786,0.0988684,0.282223,0.193367,0,0.145301,0.101215,0.521191,2.4749,0.133072,0.107265,0.399416,0,
51,2002-11-20,0,0,0,0,0,0,0,0,0,0,0,0,0,0,0,0,0,0,0,0,0,0,0,0,0,0,0,0,0,0,0,0,
52,2002-11-21,0,0,0,0,0,0,0,0,0,0,0,0,0,0,0,0,0,0,0,0,0,0,0,0,0,0,0,0,0,0,0,0,
53,2002-11-22,0.2,0.2,0.2,0.2,0.2,0,0,0,0,0,0,0,0,0,0,0,0,0,0,0,0,0,0,0,0,0,0,0,0,0,0,0,
54,2002-11-23,0.343256,0.343256,0.343256,0.343256,0.343256,0,0,0,0,0,0,0,0,0,0,0,0,0,0,0,0,0,0,0,0,0,0,0,0,0,0,0,
55,2002-11-24,0,0,0,0,0,0,0,0,0,0,0,0,0,0,0,0,0,0,0,0,0,0,0,0,0,0,0,0,0,0,0,0,
56,2002-11-25,2.4,2.4,2.4,2.4,2.4,2.51627,0.25,2.51627,2.51627,0.25,2.51627,2.51627,0.25,2.51627,2.51627,2.51627,2.51627,2.51627,2.51627,2.51627,2.51627,2.51627,2.51627,2.51627,2.51627,2.51627,2.51627,2.51627,2.51627,2.51627,2.51627,2.51627,
57,2002-11-26,2.4,2.4,2.4,2.4,2.4,2.61627,0.25,2.61627,2.61627,0.25,2.61627,2.61627,0.25,2.61627,2.61627,2.61627,2.61627,2.61627,2.61627,2.61627,2.61627,2.61627,2.61627,2.61627,2.61627,2.61627,2.61627,2.61627,2.61627,2.61627,2.61627,2.61627,
58,2002-11-27,4,4,4,4,4,2.61627,3.25,2.61627,2.61627,3.25,2.61627,2.61627,3.25,2.61627,2.61627,2.61627,2.61627,2.61627,2.61627,2.61627,2.61627,2.61627,2.61627,2.61627,2.61627,2.61627,2.61627,2.61627,2.61627,2.61627,2.61627,2.61627,
59,2002-11-28,8.8,8.8,8.8,8.8,8.8,2.61627,7.05,2.61627,2.61627,7.05,2.61627,2.61627,7.05,2.61627,2.61627,2.61627,2.61627,2.61627,2.61627,2.61627,2.61627,2.61627,2.61627,2.61627,2.61627,2.61627,2.61627,2.61627,2.61627,2.61627,2.61627,2.61627,
60,2002-11-29,11.9707,11.9707,11.9707,11.9707,11.9707,2.65938,6.99028,2.66008,2.79508,7.26583,2.79511,2.66456,6.97646,2.66224,2.66084,2.66356,2.6676,2.79489,2.79456,2.79509,2.6592,2.66967,2.6646,2.64955,2.66185,2.65933,2.68332,2.79492,2.66115,2.65968,2.67637,2.65071,
61,2002-11-30,16.4,16.4,16.4,16.4,16.4,4.79019,8.57832,4.7909,4.9259,9.12823,4.92593,4.79538,8.55073,4.79306,4.79165,4.79437,4.79841,4.9257,4.92537,4.9259,4.79001,4.80049,4.79541,4.78036,4.79267,4.79015,4.81414,4.92574,4.79197,4.79049,4.80718,4.78152,
62,2002-12-01,27.8,27.8,27.8,27.8,27.8,4.79019,22.7278,4.7909,4.9259,23.2915,4.92593,4.79538,22.6996,4.79306,4.79165,4.79437,4.79841,4.9257,4.92537,4.9259,4.79001,4.80049,4.79541,4.78036,4.79267,4.79015,4.81414,4.92574,4.79197,4.79049,4.80718,4.78152,
63,2002-12-02,28.2,28.2,28.2,28.2,28.2,4.79019,22.7278,4.7909,4.9259,23.2915,4.92593,4.79538,22.6996,4.79306,4.79165,4.79437,4.79841,4.9257,4.92537,4.9259,4.79001,4.80049,4.79541,4.78036,4.79267,4.79015,4.81414,4.92574,4.79197,4.79049,4.80718,4.78152,
64,2002-12-03,30.2,30.2,30.2,30.2,30.2,4.79019,22.7278,4.7909,4.9259,23.2915,4.92593,4.79538,22.6996,4.79306,4.79165,4.79437,4.79841,4.9257,4.92537,4.9259,4.79001,4.80049,4.79541,4.78036,4.79267,4.79015,4.81414,4.92574,4.79197,4.79049,4.80718,4.78152,
65,2002-12-04,30.6,30.6,30.6,30.6,30.6,5.19019,22.7278,5.1909,5.3259,23.2915,5.32593,5.19538,22.6996,5.19306,5.19165,5.19437,5.19841,5.3257,5.32537,5.3259,5.19001,5.20049,5.19541,5.18036,5.19267,5.19015,5.21414,5.32574,5.19197,5.19049,5.20718,5.18152,
66,2002-12-05,32.6,32.6,32.6,32.6,32.6,5.29019,29.7278,5.2909,5.4259,30.2915,5.42593,5.29538,29.6996,5.29306,5.29165,5.29437,5.29841,5.4257,5.42537,5.4259,5.29001,5.30049,5.29541,5.28036,5.29267,5.29015,5.31414,5.42574,5.29197,5.29049,5.30718,5.28152,
67,2002-12-06,33,33,33,33,33,5.29019,30.7278,5.2909,5.4259,31.2915,5.42593,5.29538,30.6996,5.29306,5.29165,5.29437,5.29841,5.4257,5.42537,5.4259,5.29001,5.30049,5.29541,5.28036,5.29267,5.29015,5.31414,5.42574,5.29197,5.29049,5.30718,5.28152,
68,2002-12-07,33.2,33.2,33.2,33.2,33.2,5.29019,30.7278,5.2909,5.4259,31.2915,5.42593,5.29538,30.6996,5.29306,5.29165,5.29437,5.29841,5.4257,5.42537,5.4259,5.29001,5.30049,5.29541,5.28036,5.29267,5.29015,5.31414,5.42574,5.29197,5.29049,5.30718,5.28152,
69,2002-12-08,35.2,35.2,35.2,35.2,35.2,5.39019,31.7278,5.3909,5.5259,32.2915,5.52593,5.39538,31.6996,5.39306,5.39165,5.39437,5.39841,5.5257,5.52537,5.5259,5.39001,5.40049,5.39541,5.38036,5.39267,5.39015,5.41414,5.52574,5.39197,5.39049,5.40718,5.38152,
70,2002-12-09,35.2,35.2,35.2,35.2,35.2,5.39019,31.7278,5.3909,5.5259,32.2915,5.52593,5.39538,31.6996,5.39306,5.39165,5.39437,5.39841,5.5257,5.52537,5.5259,5.39001,5.40049,5.39541,5.38036,5.39267,5.39015,5.41414,5.52574,5.39197,5.39049,5.40718,5.38152,
71,2002-12-10,35.2,35.2,35.2,35.2,35.2,5.49019,31.7278,5.4909,5.6259,32.2915,5.62593,5.49538,31.6996,5.49306,5.49165,5.49437,5.49841,5.6257,5.62537,5.6259,5.49001,5.50049,5.49541,5.48036,5.49267,5.49015,5.51414,5.62574,5.49197,5.49049,5.50718,5.48152,
72,2002-12-11,35.2,35.2,35.2,35.2,35.2,5.69019,31.7278,5.6909,5.8259,32.2915,5.82593,5.69538,31.6996,5.69306,5.69165,5.69437,5.69841,5.8257,5.82537,5.8259,5.69001,5.70049,5.69541,5.68036,5.69267,5.69015,5.71414,5.82574,5.69197,5.69049,5.70718,5.68152,
73,2002-12-12,31.5344,31.5318,33.6133,31.5411,31.5349,2.59892,27.785,2.60868,4.48051,30.4637,4.48096,2.67081,27.6507,2.63862,2.61913,2.65689,2.71282,4.47785,4.47326,4.48063,2.59641,2.74163,2.67126,2.46256,2.63319,2.59827,2.9309,4.47829,2.6235,2.60306,2.83445,2.47868,
74,2002-12-13,31.9344,31.9318,34.0133,31.9411,31.9349,2.69892,27.785,2.70868,4.58051,30.4637,4.58096,2.77081,27.6507,2.73862,2.71913,2.75689,2.81282,4.57785,4.57326,4.58063,2.69641,2.84163,2.77126,2.56256,2.73319,2.69827,3.0309,4.57829,2.7235,2.70306,2.93445,2.57868,
75,2002-12-14,30.3689,30.3652,33.3357,30.3785,30.3696,0,25.3294,0,3.31254,29.3254,3.31338,0,25.129,0,0,0,0,3.30755,3.29894,3.31277,0,0.0530323,0,0,0,0,0.407814,3.30838,0,0,0.227022,0,
76,2002-12-15,31.4689,31.4652,34.4357,31.4785,31.4696,0.7,24.9809,0.7,4.11254,29.2399,4.11338,0.7,24.7672,0.7,0.7,0.7,0.7,4.10755,4.09894,4.11277,0.7,0.755684,0.7,0.7,0.7,0.7,1.1282,4.10838,0.7,0.7,0.938373,0.7,
77,2002-12-16,32.5689,32.5652,35.5357,32.5785,32.5696,0.7,25.339,0.7,4.11254,29.598,4.11338,0.7,25.1253,0.7,0.7,0.7,0.7,4.10755,4.09894,4.11277,0.7,0.755684,0.7,0.7,0.7,0.7,1.1282,4.10838,0.7,0.7,0.938373,0.7,
78,2002-12-17,32.5689,32.5652,35.5357,32.5785,32.5696,0.7,25.339,0.7,4.11254,29.598,4.11338,0.7,25.1253,0.7,0.7,0.7,0.7,4.10755,4.09894,4.11277,0.7,0.755684,0.7,0.7,0.7,0.7,1.1282,4.10838,0.7,0.7,0.938373,0.7,
79,2002-12-18,35.9689,35.9652,38.9357,35.9785,35.9696,0.7,27.939,0.7,4.11254,32.198,4.11338,0.7,27.7253,0.7,0.7,0.7,0.7,4.10755,4.09894,4.11277,0.7,0.755684,0.7,0.7,0.7,0.7,1.1282,4.10838,0.7,0.7,0.938373,0.7,
80,2002-12-19,31.2967,31.2896,36.9133,31.3148,31.298,0,21.0987,0,0.563373,29.027,0.565306,0,20.701,0,0,0,0,0.551862,0.532017,0.563894,0,0,0,0,0,0,0,0.553774,0,0,0,0,
81,2002-12-20,33.5015,33.494,39.4124,33.5205,33.5028,0,17.1916,0,0,27.2158,0,0,16.6887,0,0,0,0,0,0,0,0,0,0,0,0,0,0,0,0,0,0,0,
82,2002-12-21,36.8663,36.8585,43.058,36.8862,36.8677,0,21.4512,0,0,31.8658,0,0,20.9232,0,0,0,0,0,0,0,0,0,0,0,0,0,0,0,0,0,0,0,
83,2002-12-22,39.2663,39.2585,45.458,39.2862,39.2677,0,24.4512,0,0,34.9766,0,0,23.9232,0,0,0,0,0,0,0,0,0,0,0,0,0,0,0,0,0,0,0,
84,2002-12-23,42.8663,42.8585,49.058,42.8862,42.8677,0,24.9512,0,0,35.4766,0,0,24.4232,0,0,0,0,0,0,0,0,0,0,0,0,0,0,0,0,0,0,0,
85,2002-12-24,44.8663,44.8585,51.058,44.8862,44.8677,0.7,27.9512,0.7,0.7,38.4766,0.7,0.7,27.4232,0.7,0.7,0.7,0.7,0.7,0.7,0.7,0.7,0.7,0.7,0.7,0.7,0.7,0.7,0.7,0.7,0.7,0.7,0.7,
86,2002-12-25,46.4663,46.4585,52.658,46.4862,46.4677,0.7,29.7512,0.7,0.7,40.2766,0.7,0.7,29.2232,0.7,0.7,0.7,0.7,0.7,0.7,0.7,0.7,0.7,0.7,0.7,0.7,0.7,0.7,0.7,0.7,0.7,0.7,0.7,
87,2002-12-26,46.4663,46.4585,52.658,46.4862,46.4677,0.7,29.7512,0.7,0.7,40.2766,0.7,0.7,29.2232,0.7,0.7,0.7,0.7,0.7,0.7,0.7,0.7,0.7,0.7,0.7,0.7,0.7,0.7,0.7,0.7,0.7,0.7,0.7,
88,2002-12-27,46.4663,46.4585,52.658,46.4862,46.4677,0.7,29.7512,0.7,0.7,40.2766,0.7,0.7,29.2232,0.7,0.7,0.7,0.7,0.7,0.7,0.7,0.7,0.7,0.7,0.7,0.7,0.7,0.7,0.7,0.7,0.7,0.7,0.7,
89,2002-12-28,46.4663,46.4585,52.658,46.4862,46.4677,0.7,29.7512,0.7,0.7,40.2766,0.7,0.7,29.2232,0.7,0.7,0.7,0.7,0.7,0.7,0.7,0.7,0.7,0.7,0.7,0.7,0.7,0.7,0.7,0.7,0.7,0.7,0.7,
90,2002-12-29,46.4663,46.4585,52.658,46.4862,46.4677,1.4,29.7512,1.4,1.4,40.2766,1.4,1.4,29.2232,1.4,1.4,1.4,1.4,1.4,1.4,1.4,1.4,1.4,1.4,1.4,1.4,1.4,1.4,1.4,1.4,1.4,1.4,1.4,
91,2002-12-30,45.4479,45.4393,52.2325,45.4698,45.4494,0,29.6848,0,0,40.4741,0,0,29.1436,0,0,0,0,0,0,0,0,0,0,0,0,0,0,0,0,0,0,0,
92,2002-12-31,41.2586,41.2471,50.4192,41.2881,41.2607,0,23.2778,0,0,37.504,0,0,22.5642,0,0,0,0,0,0,0,0,0,0,0,0,0,0,0,0,0,0,0,
93,2003-01-01,41.6317,41.6201,50.7922,41.6612,41.6337,0,24.3522,0,0,38.5784,0,0,23.6386,0,0,0,0,0,0,0,0,0,0,0,0,0,0,0,0,0,0,0,
94,2003-01-02,43.4317,43.4201,52.5922,43.4612,43.4337,0.1,29.3522,0.1,0.1,43.5784,0.1,0.1,28.6386,0.1,0.1,0.1,0.1,0.1,0.1,0.1,0.1,0.1,0.1,0.1,0.1,0.1,0.1,0.1,0.1,0.1,0.1,0.1,
95,2003-01-03,46.6317,46.6201,55.7922,46.6612,46.6337,0.1,31.5522,0.1,0.1,45.7784,0.1,0.1,30.8386,0.1,0.1,0.1,0.1,0.1,0.1,0.1,0.1,0.1,0.1,0.1,0.1,0.1,0.1,0.1,0.1,0.1,0.1,0.1,
96,2003-01-04,47.6317,47.6201,56.7922,47.6612,47.6337,0.1,31.5522,0.1,0.1,45.7784,0.1,0.1,30.8386,0.1,0.1,0.1,0.1,0.1,0.1,0.1,0.1,0.1,0.1,0.1,0.1,0.1,0.1,0.1,0.1,0.1,0.1,0.1,
97,2003-01-05,50.6317,50.6201,59.7922,50.6612,50.6337,0.4,35.5522,0.4,0.4,49.7784,0.4,0.4,34.8386,0.4,0.4,0.4,0.4,0.4,0.4,0.4,0.4,0.4,0.4,0.4,0.4,0.4,0.4,0.4,0.4,0.4,0.4,0.4,
98,2003-01-06,51.2317,51.2201,60.3922,51.2612,51.2337,0.4,36.0522,0.4,0.4,50.2784,0.4,0.4,35.3386,0.4,0.4,0.4,0.4,0.4,0.4,0.4,0.4,0.4,0.4,0.4,0.4,0.4,0.4,0.4,0.4,0.4,0.4,0.4,
99,2003-01-07,51.6317,51.6201,60.7922,51.6612,51.6337,0.4,36.0522,0.4,0.4,50.2784,0.4,0.4,35.3386,0.4,0.4,0.4,0.4,0.4,0.4,0.4,0.4,0.4,0.4,0.4,0.4,0.4,0.4,0.4,0.4,0.4,0.4,0.4,
100,2003-01-08,51.6317,51.6201,60.7922,51.6612,51.6337,0,35.0448,0,0,49.8114,0,0,34.304,0,0,0,0,0,0,0,0,0,0,0,0,0,0,0,0,0,0,0,
101,2003-01-09,48.9461,48.9326,59.6297,48.9805,48.9485,1.5,29.9897,1.5,1.5,47.468,1.5,1.5,29.1129,1.5,1.5,1.5,1.5,1.5,1.5,1.5,1.5,1.5,1.5,1.5,1.5,1.5,1.5,1.5,1.5,1.5,1.5,1.5,
102,2003-01-10,60.5934,60.5793,71.8112,60.6295,60.596,1.5,38.4892,1.5,1.5,56.8414,1.5,1.5,37.5686,1.5,1.5,1.5,1.5,1.5,1.5,1.5,1.5,1.5,1.5,1.5,1.5,1.5,1.5,1.5,1.5,1.5,1.5,1.5,
103,2003-01-11,65.3934,65.3793,76.6112,65.4295,65.396,1.5,42.4892,1.5,1.5,60.8414,1.5,1.5,41.5686,1.5,1.5,1.5,1.5,1.5,1.5,1.5,1.5,1.5,1.5,1.5,1.5,1.5,1.5,1.5,1.5,1.5,1.5,1.5,
104,2003-01-12,66.9934,66.9793,78.2112,67.0295,66.996,1.5,49.9892,1.5,1.5,68.3414,1.5,1.5,49.0686,1.5,1.5,1.5,1.5,1.5,1.5,1.5,1.5,1.5,1.5,1.5,1.5,1.5,1.5,1.5,1.5,1.5,1.5,1.5,
105,2003-01-13,69.1934,69.1793,80.4112,69.2295,69.196,1.5,59.4892,1.5,1.5,77.8414,1.5,1.5,58.5686,1.5,1.5,1.5,1.5,1.5,1.5,1.5,1.5,1.5,1.5,1.5,1.5,1.5,1.5,1.5,1.5,1.5,1.5,1.5,
106,2003-01-14,75.9934,75.9793,87.2112,76.0295,75.996,1.5,64.9892,1.5,1.5,83.3414,1.5,1.5,64.0686,1.5,1.5,1.5,1.5,1.5,1.5,1.5,1.5,1.5,1.5,1.5,1.5,1.5,1.5,1.5,1.5,1.5,1.5,1.5,
107,2003-01-15,79.9934,79.9793,91.2112,80.0295,79.996,1.5,67.4892,1.5,1.5,85.8414,1.5,1.5,66.5686,1.5,1.5,1.5,1.5,1.5,1.5,1.5,1.5,1.5,1.5,1.5,1.5,1.5,1.5,1.5,1.5,1.5,1.5,1.5,
108,2003-01-16,81.3934,81.3793,92.6112,81.4295,81.396,1.5,67.4892,1.5,1.5,85.8414,1.5,1.5,66.5686,1.5,1.5,1.5,1.5,1.5,1.5,1.5,1.5,1.5,1.5,1.5,1.5,1.5,1.5,1.5,1.5,1.5,1.5,1.5,
109,2003-01-17,81.3934,81.3793,92.6112,81.4295,81.396,1.5,67.4892,1.5,1.5,85.8414,1.5,1.5,66.5686,1.5,1.5,1.5,1.5,1.5,1.5,1.5,1.5,1.5,1.5,1.5,1.5,1.5,1.5,1.5,1.5,1.5,1.5,1.5,
110,2003-01-18,82.9934,82.9793,94.2112,83.0295,82.996,1.5,69.2892,1.5,1.5,87.6414,1.5,1.5,68.3686,1.5,1.5,1.5,1.5,1.5,1.5,1.5,1.5,1.5,1.5,1.5,1.5,1.5,1.5,1.5,1.5,1.5,1.5,1.5,
111,2003-01-19,87.9934,87.9793,99.2112,88.0295,87.996,1.5,72.7892,1.5,1.5,91.1414,1.5,1.5,71.8686,1.5,1.5,1.5,1.5,1.5,1.5,1.5,1.5,1.5,1.5,1.5,1.5,1.5,1.5,1.5,1.5,1.5,1.5,1.5,
112,2003-01-20,92.1934,92.1793,103.411,92.2295,92.196,1.5,75.7892,1.5,1.5,94.1414,1.5,1.5,74.8686,1.5,1.5,1.5,1.5,1.5,1.5,1.5,1.5,1.5,1.5,1.5,1.5,1.5,1.5,1.5,1.5,1.5,1.5,1.5,
113,2003-01-21,93.1934,93.1793,104.411,93.2295,93.196,1.5,76.7892,1.5,1.5,95.1414,1.5,1.5,75.8686,1.5,1.5,1.5,1.5,1.5,1.5,1.5,1.5,1.5,1.5,1.5,1.5,1.5,1.5,1.5,1.5,1.5,1.5,1.5,
114,2003-01-22,95.5934,95.5793,106.811,95.6295,95.596,1.5,78.7892,1.5,1.5,97.1414,1.5,1.5,77.8686,1.5,1.5,1.5,1.5,1.5,1.5,1.5,1.5,1.5,1.5,1.5,1.5,1.5,1.5,1.5,1.5,1.5,1.5,1.5,
115,2003-01-23,97.9934,97.9793,109.211,98.0295,97.996,1.5,81.7892,1.5,1.5,100.141,1.5,1.5,80.8686,1.5,1.5,1.5,1.5,1.5,1.5,1.5,1.5,1.5,1.5,1.5,1.5,1.5,1.5,1.5,1.5,1.5,1.5,1.5,
116,2003-01-24,100.793,100.779,112.011,100.83,100.796,1.5,84.7892,1.5,1.5,103.141,1.5,1.5,83.8686,1.5,1.5,1.5,1.5,1.5,1.5,1.5,1.5,1.5,1.5,1.5,1.5,1.5,1.5,1.5,1.5,1.5,1.5,1.5,
117,2003-01-25,107.593,107.579,118.811,107.63,107.596,1.5,90.2892,1.5,1.5,108.641,1.5,1.5,89.3686,1.5,1.5,1.5,1.5,1.5,1.5,1.5,1.5,1.5,1.5,1.5,1.5,1.5,1.5,1.5,1.5,1.5,1.5,1.5,
118,2003-01-26,107.593,107.579,118.811,107.63,107.596,1.5,90.2892,1.5,1.5,108.641,1.5,1.5,89.3686,1.5,1.5,1.5,1.5,1.5,1.5,1.5,1.5,1.5,1.5,1.5,1.5,1.5,1.5,1.5,1.5,1.5,1.5,1.5,
119,2003-01-27,108.993,108.979,120.211,109.03,108.996,1.5,91.2892,1.5,1.5,109.641,1.5,1.5,90.3686,1.5,1.5,1.5,1.5,1.5,1.5,1.5,1.5,1.5,1.5,1.5,1.5,1.5,1.5,1.5,1.5,1.5,1.5,1.5,
120,2003-01-28,112.193,112.179,123.411,112.23,112.196,1.5,95.2892,1.5,1.5,113.641,1.5,1.5,94.3686,1.5,1.5,1.5,1.5,1.5,1.5,1.5,1.5,1.5,1.5,1.5,1.5,1.5,1.5,1.5,1.5,1.5,1.5,1.5,
121,2003-01-29,112.593,112.579,123.811,112.63,112.596,1.5,95.2892,1.5,1.5,113.641,1.5,1.5,94.3686,1.5,1.5,1.5,1.5,1.5,1.5,1.5,1.5,1.5,1.5,1.5,1.5,1.5,1.5,1.5,1.5,1.5,1.5,1.5,
122,2003-01-30,112.593,112.579,123.811,112.63,112.596,1.5,95.2892,1.5,1.5,113.641,1.5,1.5,94.3686,1.5,1.5,1.5,1.5,1.5,1.5,1.5,1.5,1.5,1.5,1.5,1.5,1.5,1.5,1.5,1.5,1.5,1.5,1.5,
123,2003-01-31,112.593,112.579,123.811,112.63,112.596,2.3,95.2892,2.3,2.3,113.641,2.3,2.3,94.3686,2.3,2.3,2.3,2.3,2.3,2.3,2.3,2.3,2.3,2.3,2.3,2.3,2.3,2.3,2.3,2.3,2.3,2.3,2.3,
124,2003-02-01,112.593,112.579,123.811,112.63,112.596,0,94.7171,0,0.669492,113.376,0.669995,0,93.7811,0,0,0,0,0.666498,0.661334,0.669628,0,0,0,0,0,0,0,0.666995,0,0,0,0,
125,2003-02-02,112.593,112.579,123.811,112.63,112.596,0.1,94.7171,0.1,0.802967,113.376,0.803495,0.1,93.7811,0.1,0.1,0.1,0.1,0.799823,0.794401,0.803109,0.1,0.1,0.1,0.1,0.1,0.1,0.1,0.800345,0.1,0.1,0.1,0.1,
126,2003-02-03,124.993,124.979,136.211,125.03,124.996,7.6,91.8173,7.6,8.30297,112.032,8.3035,7.6,90.8032,7.6,7.6,7.6,7.6,8.29982,8.2944,8.30311,7.6,7.6,7.6,7.6,7.6,7.6,7.6,8.30034,7.6,7.6,7.6,7.6,
127,2003-02-04,132.993,132.979,144.211,133.03,132.996,14.7,104.567,14.7,15.403,124.782,15.4035,14.7,103.553,14.7,14.7,14.7,14.7,15.3998,15.3944,15.4031,14.7,14.7,14.7,14.7,14.7,14.7,14.7,15.4003,14.7,14.7,14.7,14.7,
128,2003-02-05,137.593,137.579,148.811,137.63,137.596,14.7,106.908,14.7,15.403,128.133,15.4035,14.7,105.843,14.7,14.7,14.7,14.7,15.3998,15.3944,15.4031,14.7,14.7,14.7,14.7,14.7,14.7,14.7,15.4003,14.7,14.7,14.7,14.7,
129,2003-02-06,138.593,138.579,149.811,138.63,138.596,14.8,106.908,14.8,15.503,128.133,15.5035,14.8,105.843,14.8,14.8,14.8,14.8,15.4998,15.4944,15.5031,14.8,14.8,14.8,14.8,14.8,14.8,14.8,15.5003,14.8,14.8,14.8,14.8,
130,2003-02-07,138.993,138.979,150.211,139.03,138.996,14.9,106.908,14.9,15.603,128.133,15.6035,14.9,105.843,14.9,14.9,14.9,14.9,15.5998,15.5944,15.6031,14.9,14.9,14.9,14.9,14.9,14.9,14.9,15.6003,14.9,14.9,14.9,14.9,
131,2003-02-08,140.793,140.779,152.011,140.83,140.796,14.9,112.908,14.9,15.603,134.133,15.6035,14.9,111.843,14.9,14.9,14.9,14.9,15.5998,15.5944,15.6031,14.9,14.9,14.9,14.9,14.9,14.9,14.9,15.6003,14.9,14.9,14.9,14.9,
132,2003-02-09,140.793,140.779,152.011,140.83,140.796,15,112.908,15,15.703,134.133,15.7035,15,111.843,15,15,15,15,15.6998,15.6944,15.7031,15,15,15,15,15,15,15,15.7003,15,15,15,15,
133,2003-02-10,142.993,142.979,154.211,143.03,142.996,15.1,116.908,15.1,15.803,138.133,15.8035,15.1,115.843,15.1,15.1,15.1,15.1,15.7998,15.7944,15.8031,15.1,15.1,15.1,15.1,15.1,15.1,15.1,15.8003,15.1,15.1,15.1,15.1,
134,2003-02-11,144.993,144.979,156.211,145.03,144.996,15.1,120.908,15.1,15.803,142.133,15.8035,15.1,119.843,15.1,15.1,15.1,15.1,15.7998,15.7944,15.8031,15.1,15.1,15.1,15.1,15.1,15.1,15.1,15.8003,15.1,15.1,15.1,15.1,
135,2003-02-12,145.993,145.979,157.211,146.03,145.996,15.1,122.908,15.1,15.803,144.133,15.8035,15.1,121.843,15.1,15.1,15.1,15.1,15.7998,15.7944,15.8031,15.1,15.1,15.1,15.1,15.1,15.1,15.1,15.8003,15.1,15.1,15.1,15.1,
136,2003-02-13,146.193,146.179,157.411,146.23,146.196,15.1,123.108,15.1,15.803,144.333,15.8035,15.1,122.043,15.1,15.1,15.1,15.1,15.7998,15.7944,15.8031,15.1,15.1,15.1,15.1,15.1,15.1,15.1,15.8003,15.1,15.1,15.1,15.1,
137,2003-02-14,146.193,146.179,157.411,146.23,146.196,15.1,123.108,15.1,15.803,144.333,15.8035,15.1,122.043,15.1,15.1,15.1,15.1,15.7998,15.7944,15.8031,15.1,15.1,15.1,15.1,15.1,15.1,15.1,15.8003,15.1,15.1,15.1,15.1,
138,2003-02-15,146.193,146.179,157.411,146.23,146.196,15.1,123.108,15.1,15.803,144.333,15.8035,15.1,122.043,15.1,15.1,15.1,15.1,15.7998,15.7944,15.8031,15.1,15.1,15.1,15.1,15.1,15.1,15.1,15.8003,15.1,15.1,15.1,15.1,
139,2003-02-16,146.793,146.779,158.011,146.83,146.796,15.1,123.108,15.1,15.803,144.333,15.8035,15.1,122.043,15.1,15.1,15.1,15.1,15.7998,15.7944,15.8031,15.1,15.1,15.1,15.1,15.1,15.1,15.1,15.8003,15.1,15.1,15.1,15.1,
140,2003-02-17,148.593,148.579,159.811,148.63,148.596,15.1,127.108,15.1,15.803,148.333,15.8035,15.1,126.043,15.1,15.1,15.1,15.1,15.7998,15.7944,15.8031,15.1,15.1,15.1,15.1,15.1,15.1,15.1,15.8003,15.1,15.1,15.1,15.1,
141,2003-02-18,149.593,149.579,160.811,149.63,149.596,15.3,127.108,15.3,16.003,148.333,16.0035,15.3,126.043,15.3,15.3,15.3,15.3,15.9998,15.9944,16.0031,15.3,15.3,15.3,15.3,15.3,15.3,15.3,16.0003,15.3,15.3,15.3,15.3,
142,2003-02-19,149.593,149.579,160.811,149.63,149.596,15.4,127.108,15.4,16.103,148.333,16.1035,15.4,126.043,15.4,15.4,15.4,15.4,16.0998,16.0944,16.1031,15.4,15.4,15.4,15.4,15.4,15.4,15.4,16.1003,15.4,15.4,15.4,15.4,
143,2003-02-20,149.593,149.579,160.811,149.63,149.596,15.4,127.108,15.4,16.103,148.333,16.1035,15.4,126.043,15.4,15.4,15.4,15.4,16.0998,16.0944,16.1031,15.4,15.4,15.4,15.4,15.4,15.4,15.4,16.1003,15.4,15.4,15.4,15.4,
144,2003-02-21,148.184,148.169,160.201,148.223,148.187,15.4,125.782,15.4,16.103,147.719,16.1035,15.4,124.682,15.4,15.4,15.4,15.4,16.0998,16.0944,16.1031,15.4,15.4,15.4,15.4,15.4,15.4,15.4,16.1003,15.4,15.4,15.4,15.4,
145,2003-02-22,160.184,160.169,172.201,160.223,160.187,18.1,142.182,18.1,18.803,164.119,18.8035,18.1,141.082,18.1,18.1,18.1,18.1,18.7998,18.7944,18.8031,18.1,18.1,18.1,18.1,18.1,18.1,18.1,18.8003,18.1,18.1,18.1,18.1,
146,2003-02-23,160.184,160.169,172.201,160.223,160.187,18.1,142.182,18.1,18.803,164.119,18.8035,18.1,141.082,18.1,18.1,18.1,18.1,18.7998,18.7944,18.8031,18.1,18.1,18.1,18.1,18.1,18.1,18.1,18.8003,18.1,18.1,18.1,18.1,
147,2003-02-24,162.384,162.369,174.401,162.423,162.387,19.7,143.182,19.7,20.403,165.119,20.4035,19.7,142.082,19.7,19.7,19.7,19.7,20.3998,20.3944,20.4031,19.7,19.7,19.7,19.7,19.7,19.7,19.7,20.4003,19.7,19.7,19.7,19.7,
148,2003-02-25,162.384,162.369,174.401,162.423,162.387,19.8,143.182,19.8,20.503,165.119,20.5035,19.8,142.082,19.8,19.8,19.8,19.8,20.4998,20.4944,20.5031,19.8,19.8,19.8,19.8,19.8,19.8,19.8,20.5003,19.8,19.8,19.8,19.8,
149,2003-02-26,162.384,162.369,174.401,162.423,162.387,19.9,143.182,19.9,20.603,165.119,20.6035,19.9,142.082,19.9,19.9,19.9,19.9,20.5998,20.5944,20.6031,19.9,19.9,19.9,19.9,19.9,19.9,19.9,20.6003,19.9,19.9,19.9,19.9,
150,2003-02-27,162.384,162.369,174.401,162.423,162.387,19.9,143.182,19.9,20.603,165.119,20.6035,19.9,142.082,19.9,19.9,19.9,19.9,20.5998,20.5944,20.6031,19.9,19.9,19.9,19.9,19.9,19.9,19.9,20.6003,19.9,19.9,19.9,19.9,
151,2003-02-28,162.384,162.369,174.401,162.423,162.387,19.9,143.182,19.9,20.603,165.119,20.6035,19.9,142.082,19.9,19.9,19.9,19.9,20.5998,20.5944,20.6031,19.9,19.9,19.9,19.9,19.9,19.9,19.9,20.6003,19.9,19.9,19.9,19.9,
152,2003-03-01,164.984,164.969,177.001,165.023,164.987,19.9,147.182,19.9,20.603,169.119,20.6035,19.9,146.082,19.9,19.9,19.9,19.9,20.5998,20.5944,20.6031,19.9,19.9,19.9,19.9,19.9,19.9,19.9,20.6003,19.9,19.9,19.9,19.9,
153,2003-03-02,164.984,164.969,177.001,165.023,164.987,21.8,147.182,21.8,22.503,169.119,22.5035,21.8,146.082,21.8,21.8,21.8,21.8,22.4998,22.4944,22.5031,21.8,21.8,21.8,21.8,21.8,21.8,21.8,22.5003,21.8,21.8,21.8,21.8,
154,2003-03-03,165.984,165.969,178.001,166.023,165.987,21.8,150.182,21.8,22.503,172.119,22.5035,21.8,149.082,21.8,21.8,21.8,21.8,22.4998,22.4944,22.5031,21.8,21.8,21.8,21.8,21.8,21.8,21.8,22.5003,21.8,21.8,21.8,21.8,
155,2003-03-04,175.784,175.769,187.801,175.823,175.787,22.9,165.182,22.9,23.603,187.119,23.6035,22.9,164.082,22.9,22.9,22.9,22.9,23.5998,23.5944,23.6031,22.9,22.9,22.9,22.9,22.9,22.9,22.9,23.6003,22.9,22.9,22.9,22.9,
156,2003-03-05,177.184,177.169,189.201,177.223,177.187,23,167.182,23,23.703,189.119,23.7035,23,166.082,23,23,23,23,23.6998,23.6944,23.7031,23,23,23,23,23,23,23,23.7003,23,23,23,23,
157,2003-03-06,177.184,177.169,189.201,177.223,177.187,25.9,167.182,25.9,26.603,189.119,26.6035,25.9,166.082,25.9,25.9,25.9,25.9,26.5998,26.5944,26.6031,25.9,25.9,25.9,25.9,25.9,25.9,25.9,26.6003,25.9,25.9,25.9,25.9,
158,2003-03-07,177.184,177.169,189.201,177.223,177.187,26.1,168.182,26.1,26.803,190.119,26.8035,26.1,167.082,26.1,26.1,26.1,26.1,26.7998,26.7944,26.8031,26.1,26.1,26.1,26.1,26.1,26.1,26.1,26.8003,26.1,26.1,26.1,26.1,
159,2003-03-08,180.184,180.169,192.201,180.223,180.187,26.7,168.682,26.7,27.403,190.619,27.4035,26.7,167.582,26.7,26.7,26.7,26.7,27.3998,27.3944,27.4031,26.7,26.7,26.7,26.7,26.7,26.7,26.7,27.4003,26.7,26.7,26.7,26.7,
160,2003-03-09,180.784,180.769,192.801,180.823,180.787,26.7,169.182,26.7,27.403,191.119,27.4035,26.7,168.082,26.7,26.7,26.7,26.7,27.3998,27.3944,27.4031,26.7,26.7,26.7,26.7,26.7,26.7,26.7,27.4003,26.7,26.7,26.7,26.7,
161,2003-03-10,180.784,180.769,192.801,180.823,180.787,26.7,169.182,26.7,27.403,191.119,27.4035,26.7,168.082,26.7,26.7,26.7,26.7,27.3998,27.3944,27.4031,26.7,26.7,26.7,26.7,26.7,26.7,26.7,27.4003,26.7,26.7,26.7,26.7,
162,2003-03-11,184.384,184.369,196.401,184.423,184.387,27.8,178.182,27.8,28.503,200.119,28.5035,27.8,177.082,27.8,27.8,27.8,27.8,28.4998,28.4944,28.5031,27.8,27.8,27.8,27.8,27.8,27.8,27.8,28.5003,27.8,27.8,27.8,27.8,
163,2003-03-12,184.384,184.369,196.401,184.423,184.387,29.5,180.182,29.5,30.203,202.119,30.2035,29.5,179.082,29.5,29.5,29.5,29.5,30.1998,30.1944,30.2031,29.5,29.5,29.5,29.5,29.5,29.5,29.5,30.2003,29.5,29.5,29.5,29.5,
164,2003-03-13,184.384,184.369,196.401,184.423,184.387,29.6,180.182,29.6,30.303,202.119,30.3035,29.6,179.082,29.6,29.6,29.6,29.6,30.2998,30.2944,30.3031,29.6,29.6,29.6,29.6,29.6,29.6,29.6,30.3003,29.6,29.6,29.6,29.6,
165,2003-03-14,184.384,184.369,196.401,184.423,184.387,29.6,180.182,29.6,30.303,202.119,30.3035,29.6,179.082,29.6,29.6,29.6,29.6,30.2998,30.2944,30.3031,29.6,29.6,29.6,29.6,29.6,29.6,29.6,30.3003,29.6,29.6,29.6,29.6,
166,2003-03-15,176.039,176.018,192.789,176.093,176.043,18.8784,173.113,18.9098,25.6367,198.842,25.6387,19.1097,171.822,19.0061,18.9434,19.0649,19.245,25.625,25.6048,25.6372,18.8703,19.3377,19.1112,18.4395,18.9887,18.8763,19.9468,25.6269,18.9575,18.8917,19.6364,18.4914,
167,2003-03-16,159.223,159.19,185.51,159.308,159.229,5.40173,152.539,5.47261,19.7714,189.304,19.7752,5.92384,150.694,5.69005,5.54851,5.82274,6.22904,19.7489,19.7101,19.7724,5.38349,6.4383,5.92712,4.41127,5.65061,5.39699,7.81302,19.7526,5.58026,5.4318,7.11248,4.52832,
168,2003-03-17,132.119,132.066,173.778,132.253,132.128,0,124.638,0,7.8284,176.37,7.83586,0,122.042,0,0,0,0,7.78398,7.70739,7.83041,0,0,0,0,0,0,0,7.79136,0,0,0,0,
169,2003-03-18,115.907,115.843,166.76,116.071,115.918,0,105.364,0,2.00238,167.435,2.01164,0,102.25,0,0,0,0,1.94725,1.85221,2.00487,0,0,0,0,0,0,0,1.95641,0,0,0,0,
170,2003-03-19,113.328,113.262,165.644,113.497,113.34,0,98.0838,0,0.385485,164.06,0.395244,0,94.7741,0,0,0,0,0.327394,0.227234,0.388114,0,0,0,0,0,0,0,0.337042,0,0,0,0,
171,2003-03-20,102.939,102.866,161.147,103.127,102.952,0,80.9723,0,0,156.128,0,0,77.2022,0,0,0,0,0,0,0,0,0,0,0,0,0,0,0,0,0,0,0,
172,2003-03-21,90.7306,90.6486,155.863,90.9405,90.7455,0,62.9163,0,0,147.757,0,0,58.6603,0,0,0,0,0,0,0,0,0,0,0,0,0,0,0,0,0,0,0,
173,2003-03-22,84.5825,84.4961,153.202,84.8036,84.5982,0,54.6501,0,0,143.925,0,0,50.1716,0,0,0,0,0,0,0,0,0,0,0,0,0,0,0,0,0,0,0,
174,2003-03-23,72.1985,72.1032,147.841,72.4422,72.2158,0,42.9947,0,0,138.522,0,0,38.2026,0,0,0,0,0,0,0,0,0,0,0,0,0,0,0,0,0,0,0,
175,2003-03-24,50.8183,50.7078,138.587,51.1011,50.8384,0,20.3572,0,0,128.028,0,0,14.9559,0,0,0,0,0,0,0,0,0,0,0,0,0,0,0,0,0,0,0,
176,2003-03-25,23.008,22.8776,126.549,23.3416,23.0317,0,0,0,0,114.72,0,0,0,0,0,0,0,0,0,0,0,0,0,0,0,0,0,0,0,0,0,0,
177,2003-03-26,11.2642,11.1255,121.465,11.6193,11.2894,0,0,0,0,109.202,0,0,0,0,0,0,0,0,0,0,0,0,0,0,0,0,0,0,0,0,0,0,
178,2003-03-27,0,0,112.803,0,0,0,0,0,0,101.265,0,0,0,0,0,0,0,0,0,0,0,0,0,0,0,0,0,0,0,0,0,0,
179,2003-03-28,0,0,95.7561,0,0,0,0,0,0,82.8832,0,0,0,0,0,0,0,0,0,0,0,0,0,0,0,0,0,0,0,0,0,0,
180,2003-03-29,0,0,93.7604,0,0,0,0,0,0,78.86,0,0,0,0,0,0,0,0,0,0,0,0,0,0,0,0,0,0,0,0,0,0,
181,2003-03-30,1,1,97.0104,1,1,0.1,0,0.1,0.1,80.36,0.1,0.1,0,0.1,0.1,0.1,0.1,0.1,0.1,0.1,0.1,0.1,0.1,0.1,0.1,0.1,0.1,0.1,0.1,0.1,0.1,0.1,
182,2003-03-31,3.8,3.8,102.248,3.8,3.8,0.1,7.5,0.1,0.1,90.303,0.1,0.1,7.5,0.1,0.1,0.1,0.1,0.1,0.1,0.1,0.1,0.1,0.1,0.1,0.1,0.1,0.1,0.1,0.1,0.1,0.1,0.1,
183,2003-04-01,1.97244,1.9711,101.488,1.97588,1.97269,0,1.30219,0,0,87.4298,0,0,1.13541,0,0,0,0,0,0,0,0,0,0,0,0,0,0,0,0,0,0,0,
184,2003-04-02,1.02551,1.02349,101.078,1.03068,1.02588,0,0,0,0,79.9932,0,0,0,0,0,0,0,0,0,0,0,0,0,0,0,0,0,0,0,0,0,0,
185,2003-04-03,3.87679,3.87467,104.624,3.88221,3.87717,0.1,28.723,0.1,0.1,109.216,0.1,0.1,28.723,0.1,0.1,0.1,0.1,0.1,0.1,0.1,0.1,0.1,0.1,0.1,0.1,0.1,0.1,0.1,0.1,0.1,0.1,0.1,
186,2003-04-04,6.47679,6.47467,107.224,6.48221,6.47717,0.1,40.523,0.1,0.1,123.593,0.1,0.1,40.523,0.1,0.1,0.1,0.1,0.1,0.1,0.1,0.1,0.1,0.1,0.1,0.1,0.1,0.1,0.1,0.1,0.1,0.1,0.1,
187,2003-04-05,8.47679,8.47467,109.224,8.48221,8.47717,0.2,40.523,0.2,0.2,123.593,0.2,0.2,40.523,0.2,0.2,0.2,0.2,0.2,0.2,0.2,0.2,0.2,0.2,0.2,0.2,0.2,0.2,0.2,0.2,0.2,0.2,0.2,
188,2003-04-06,8.47679,8.47467,109.224,8.48221,8.47717,11.5,40.523,11.5,11.5,123.593,11.5,11.5,40.523,11.5,11.5,11.5,11.5,11.5,11.5,11.5,11.5,11.5,11.5,11.5,11.5,11.5,11.5,11.5,11.5,11.5,11.5,11.5,
189,2003-04-07,10.8768,10.8747,111.624,10.8822,10.8772,11.5,49.523,11.5,11.5,132.593,11.5,11.5,49.523,11.5,11.5,11.5,11.5,11.5,11.5,11.5,11.5,11.5,11.5,11.5,11.5,11.5,11.5,11.5,11.5,11.5,11.5,11.5,
190,2003-04-08,10.8768,10.8747,111.624,10.8822,10.8772,14.5,49.523,14.5,14.5,132.593,14.5,14.5,49.523,14.5,14.5,14.5,14.5,14.5,14.5,14.5,14.5,14.5,14.5,14.5,14.5,14.5,14.5,14.5,14.5,14.5,14.5,14.5,
191,2003-04-09,9.88722,9.88439,111.196,9.89445,9.88773,12.3789,49.523,12.3854,13.6426,132.593,13.6429,12.4271,49.523,12.4055,12.3924,12.4178,12.4554,13.6409,13.6378,13.6427,12.3772,12.4747,12.4274,12.2873,12.4019,12.3784,12.6018,13.6412,12.3954,12.3816,12.5371,12.2981,
192,2003-04-10,0,0,104.732,0,0,5.42612,40.1532,5.45304,10.6167,128.25,10.6179,5.62442,39.9011,5.53562,5.48187,5.58602,5.74033,10.6093,10.5967,10.617,5.4192,5.81981,5.62567,5.04995,5.52065,5.42432,6.34192,10.6105,5.49393,5.43754,6.07586,5.09441,
193,2003-04-11,0,0,91.7268,0,0,0,11.8761,0,0,115.141,0,0,10.863,0,0,0,0,0,0,0,0,0,0,0,0,0,0,0,0,0,0,0,
194,2003-04-12,0,0,81.6973,0,0,0,0,0,0,106.79,0,0,0,0,0,0,0,0,0,0,0,0,0,0,0,0,0,0,0,0,0,0,
195,2003-04-13,0,0,76.4341,0,0,0,0,0,0,101.485,0,0,0,0,0,0,0,0,0,0,0,0,0,0,0,0,0,0,0,0,0,0,
196,2003-04-14,0,0,58.7889,0,0,0,0,0,0,82.8099,0,0,0,0,0,0,0,0,0,0,0,0,0,0,0,0,0,0,0,0,0,0,
197,2003-04-15,0,0,24.1852,0,0,0,0,0,0,46.5893,0,0,0,0,0,0,0,0,0,0,0,0,0,0,0,0,0,0,0,0,0,0,
198,2003-04-16,0,0,13.9242,0,0,0,0,0,0,29.0518,0,0,0,0,0,0,0,0,0,0,0,0,0,0,0,0,0,0,0,0,0,0,
199,2003-04-17,0,0,12.5784,0,0,0,0,0,0,27.2431,0,0,0,0,0,0,0,0,0,0,0,0,0,0,0,0,0,0,0,0,0,0,
200,2003-04-18,0,0,3.55742,0,0,0,0,0,0,14.0586,0,0,0,0,0,0,0,0,0,0,0,0,0,0,0,0,0,0,0,0,0,0,
201,2003-04-19,0,0,0,0,0,0,0,0,0,0,0,0,0,0,0,0,0,0,0,0,0,0,0,0,0,0,0,0,0,0,0,0,
202,2003-04-20,0,0,0,0,0,0,0,0,0,0,0,0,0,0,0,0,0,0,0,0,0,0,0,0,0,0,0,0,0,0,0,0,
203,2003-04-21,0,0,0,0,0,0,0,0,0,0,0,0,0,0,0,0,0,0,0,0,0,0,0,0,0,0,0,0,0,0,0,0,
204,2003-04-22,0,0,0,0,0,0,0,0,0,0,0,0,0,0,0,0,0,0,0,0,0,0,0,0,0,0,0,0,0,0,0,0,
205,2003-04-23,0,0,0,0,0,0,0,0,0,0,0,0,0,0,0,0,0,0,0,0,0,0,0,0,0,0,0,0,0,0,0,0,
206,2003-04-24,0,0,0,0,0,0,0,0,0,0,0,0,0,0,0,0,0,0,0,0,0,0,0,0,0,0,0,0,0,0,0,0,
207,2003-04-25,0,0,0,0,0,0,0,0,0,0,0,0,0,0,0,0,0,0,0,0,0,0,0,0,0,0,0,0,0,0,0,0,
208,2003-04-26,0,0,0,0,0,0,0,0,0,0,0,0,0,0,0,0,0,0,0,0,0,0,0,0,0,0,0,0,0,0,0,0,
209,2003-04-27,0,0,0,0,0,0,0,0,0,0,0,0,0,0,0,0,0,0,0,0,0,0,0,0,0,0,0,0,0,0,0,0,
210,2003-04-28,0,0,0,0,0,0,0,0,0,0,0,0,0,0,0,0,0,0,0,0,0,0,0,0,0,0,0,0,0,0,0,0,
211,2003-04-29,0,0,0,0,0,0,0,0,0,0,0,0,0,0,0,0,0,0,0,0,0,0,0,0,0,0,0,0,0,0,0,0,
212,2003-04-30,0,0,0,0,0,0,0,0,0,0,0,0,0,0,0,0,0,0,0,0,0,0,0,0,0,0,0,0,0,0,0,0,
213,2003-05-01,0,0,0,0,0,0,0,0,0,0,0,0,0,0,0,0,0,0,0,0,0,0,0,0,0,0,0,0,0,0,0,0,
214,2003-05-02,0,0,0,0,0,0,0,0,0,0,0,0,0,0,0,0,0,0,0,0,0,0,0,0,0,0,0,0,0,0,0,0,
215,2003-05-03,0,0,0,0,0,0,0,0,0,0,0,0,0,0,0,0,0,0,0,0,0,0,0,0,0,0,0,0,0,0,0,0,
216,2003-05-04,0,0,0,0,0,0,0,0,0,0,0,0,0,0,0,0,0,0,0,0,0,0,0,0,0,0,0,0,0,0,0,0,
217,2003-05-05,0,0,0,0,0,0,0,0,0,0,0,0,0,0,0,0,0,0,0,0,0,0,0,0,0,0,0,0,0,0,0,0,
218,2003-05-06,0,0,0,0,0,0,0,0,0,0,0,0,0,0,0,0,0,0,0,0,0,0,0,0,0,0,0,0,0,0,0,0,
219,2003-05-07,0,0,0,0,0,0,0,0,0,0,0,0,0,0,0,0,0,0,0,0,0,0,0,0,0,0,0,0,0,0,0,0,
220,2003-05-08,0,0,0,0,0,0,0,0,0,0,0,0,0,0,0,0,0,0,0,0,0,0,0,0,0,0,0,0,0,0,0,0,
221,2003-05-09,0,0,0,0,0,0,0,0,0,0,0,0,0,0,0,0,0,0,0,0,0,0,0,0,0,0,0,0,0,0,0,0,
222,2003-05-10,0,0,0,0,0,0,0,0,0,0,0,0,0,0,0,0,0,0,0,0,0,0,0,0,0,0,0,0,0,0,0,0,
223,2003-05-11,0,0,0,0,0,0,0,0,0,0,0,0,0,0,0,0,0,0,0,0,0,0,0,0,0,0,0,0,0,0,0,0,
224,2003-05-12,0,0,0,0,0,0,0,0,0,0,0,0,0,0,0,0,0,0,0,0,0,0,0,0,0,0,0,0,0,0,0,0,
225,2003-05-13,0,0,0,0,0,0,0,0,0,0,0,0,0,0,0,0,0,0,0,0,0,0,0,0,0,0,0,0,0,0,0,0,
226,2003-05-14,0,0,0,0,0,0,0,0,0,0,0,0,0,0,0,0,0,0,0,0,0,0,0,0,0,0,0,0,0,0,0,0,
227,2003-05-15,0,0,0,0,0,0,0,0,0,0,0,0,0,0,0,0,0,0,0,0,0,0,0,0,0,0,0,0,0,0,0,0,
228,2003-05-16,0,0,0,0,0,0,0,0,0,0,0,0,0,0,0,0,0,0,0,0,0,0,0,0,0,0,0,0,0,0,0,0,
229,2003-05-17,0,0,0,0,0,0,0,0,0,0,0,0,0,0,0,0,0,0,0,0,0,0,0,0,0,0,0,0,0,0,0,0,
230,2003-05-18,0,0,0,0,0,0,0,0,0,0,0,0,0,0,0,0,0,0,0,0,0,0,0,0,0,0,0,0,0,0,0,0,
231,2003-05-19,0,0,0,0,0,0,0,0,0,0,0,0,0,0,0,0,0,0,0,0,0,0,0,0,0,0,0,0,0,0,0,0,
232,2003-05-20,0,0,0,0,0,0,0,0,0,0,0,0,0,0,0,0,0,0,0,0,0,0,0,0,0,0,0,0,0,0,0,0,
233,2003-05-21,0,0,0,0,0,0,0,0,0,0,0,0,0,0,0,0,0,0,0,0,0,0,0,0,0,0,0,0,0,0,0,0,
234,2003-05-22,0,0,0,0,0,0,0,0,0,0,0,0,0,0,0,0,0,0,0,0,0,0,0,0,0,0,0,0,0,0,0,0,
235,2003-05-23,0,0,0,0,0,0,0,0,0,0,0,0,0,0,0,0,0,0,0,0,0,0,0,0,0,0,0,0,0,0,0,0,
236,2003-05-24,0,0,0,0,0,0,0,0,0,0,0,0,0,0,0,0,0,0,0,0,0,0,0,0,0,0,0,0,0,0,0,0,
237,2003-05-25,0,0,0,0,0,0,0,0,0,0,0,0,0,0,0,0,0,0,0,0,0,0,0,0,0,0,0,0,0,0,0,0,
238,2003-05-26,0,0,0,0,0,0,0,0,0,0,0,0,0,0,0,0,0,0,0,0,0,0,0,0,0,0,0,0,0,0,0,0,
239,2003-05-27,0,0,0,0,0,0,0,0,0,0,0,0,0,0,0,0,0,0,0,0,0,0,0,0,0,0,0,0,0,0,0,0,
240,2003-05-28,0,0,0,0,0,0,0,0,0,0,0,0,0,0,0,0,0,0,0,0,0,0,0,0,0,0,0,0,0,0,0,0,
241,2003-05-29,0,0,0,0,0,0,0,0,0,0,0,0,0,0,0,0,0,0,0,0,0,0,0,0,0,0,0,0,0,0,0,0,
242,2003-05-30,0,0,0,0,0,0,0,0,0,0,0,0,0,0,0,0,0,0,0,0,0,0,0,0,0,0,0,0,0,0,0,0,
243,2003-05-31,0,0,0,0,0,0,0,0,0,0,0,0,0,0,0,0,0,0,0,0,0,0,0,0,0,0,0,0,0,0,0,0,
244,2003-06-01,0,0,0,0,0,0,0,0,0,0,0,0,0,0,0,0,0,0,0,0,0,0,0,0,0,0,0,0,0,0,0,0,
245,2003-06-02,0,0,0,0,0,0,0,0,0,0,0,0,0,0,0,0,0,0,0,0,0,0,0,0,0,0,0,0,0,0,0,0,
246,2003-06-03,0,0,0,0,0,0,0,0,0,0,0,0,0,0,0,0,0,0,0,0,0,0,0,0,0,0,0,0,0,0,0,0,
247,2003-06-04,0,0,0,0,0,0,0,0,0,0,0,0,0,0,0,0,0,0,0,0,0,0,0,0,0,0,0,0,0,0,0,0,
248,2003-06-05,0,0,0,0,0,0,0,0,0,0,0,0,0,0,0,0,0,0,0,0,0,0,0,0,0,0,0,0,0,0,0,0,
249,2003-06-06,0,0,0,0,0,0,0,0,0,0,0,0,0,0,0,0,0,0,0,0,0,0,0,0,0,0,0,0,0,0,0,0,
250,2003-06-07,0,0,0,0,0,0,0,0,0,0,0,0,0,0,0,0,0,0,0,0,0,0,0,0,0,0,0,0,0,0,0,0,
251,2003-06-08,0,0,0,0,0,0,0,0,0,0,0,0,0,0,0,0,0,0,0,0,0,0,0,0,0,0,0,0,0,0,0,0,
252,2003-06-09,0,0,0,0,0,0,0,0,0,0,0,0,0,0,0,0,0,0,0,0,0,0,0,0,0,0,0,0,0,0,0,0,
253,2003-06-10,0,0,0,0,0,0,0,0,0,0,0,0,0,0,0,0,0,0,0,0,0,0,0,0,0,0,0,0,0,0,0,0,
254,2003-06-11,0,0,0,0,0,0,0,0,0,0,0,0,0,0,0,0,0,0,0,0,0,0,0,0,0,0,0,0,0,0,0,0,
255,2003-06-12,0,0,0,0,0,0,0,0,0,0,0,0,0,0,0,0,0,0,0,0,0,0,0,0,0,0,0,0,0,0,0,0,
256,2003-06-13,0,0,0,0,0,0,0,0,0,0,0,0,0,0,0,0,0,0,0,0,0,0,0,0,0,0,0,0,0,0,0,0,
257,2003-06-14,0,0,0,0,0,0,0,0,0,0,0,0,0,0,0,0,0,0,0,0,0,0,0,0,0,0,0,0,0,0,0,0,
258,2003-06-15,0,0,0,0,0,0,0,0,0,0,0,0,0,0,0,0,0,0,0,0,0,0,0,0,0,0,0,0,0,0,0,0,
259,2003-06-16,0,0,0,0,0,0,0,0,0,0,0,0,0,0,0,0,0,0,0,0,0,0,0,0,0,0,0,0,0,0,0,0,
260,2003-06-17,0,0,0,0,0,0,0,0,0,0,0,0,0,0,0,0,0,0,0,0,0,0,0,0,0,0,0,0,0,0,0,0,
261,2003-06-18,0,0,0,0,0,0,0,0,0,0,0,0,0,0,0,0,0,0,0,0,0,0,0,0,0,0,0,0,0,0,0,0,
262,2003-06-19,0,0,0,0,0,0,0,0,0,0,0,0,0,0,0,0,0,0,0,0,0,0,0,0,0,0,0,0,0,0,0,0,
263,2003-06-20,0,0,0,0,0,0,0,0,0,0,0,0,0,0,0,0,0,0,0,0,0,0,0,0,0,0,0,0,0,0,0,0,
264,2003-06-21,0,0,0,0,0,0,0,0,0,0,0,0,0,0,0,0,0,0,0,0,0,0,0,0,0,0,0,0,0,0,0,0,
265,2003-06-22,0,0,0,0,0,0,0,0,0,0,0,0,0,0,0,0,0,0,0,0,0,0,0,0,0,0,0,0,0,0,0,0,
266,2003-06-23,0,0,0,0,0,0,0,0,0,0,0,0,0,0,0,0,0,0,0,0,0,0,0,0,0,0,0,0,0,0,0,0,
267,2003-06-24,0,0,0,0,0,0,0,0,0,0,0,0,0,0,0,0,0,0,0,0,0,0,0,0,0,0,0,0,0,0,0,0,
268,2003-06-25,0,0,0,0,0,0,0,0,0,0,0,0,0,0,0,0,0,0,0,0,0,0,0,0,0,0,0,0,0,0,0,0,
269,2003-06-26,0,0,0,0,0,0,0,0,0,0,0,0,0,0,0,0,0,0,0,0,0,0,0,0,0,0,0,0,0,0,0,0,
270,2003-06-27,0,0,0,0,0,0,0,0,0,0,0,0,0,0,0,0,0,0,0,0,0,0,0,0,0,0,0,0,0,0,0,0,
271,2003-06-28,0,0,0,0,0,0,0,0,0,0,0,0,0,0,0,0,0,0,0,0,0,0,0,0,0,0,0,0,0,0,0,0,
272,2003-06-29,0,0,0,0,0,0,0,0,0,0,0,0,0,0,0,0,0,0,0,0,0,0,0,0,0,0,0,0,0,0,0,0,
273,2003-06-30,0,0,0,0,0,0,0,0,0,0,0,0,0,0,0,0,0,0,0,0,0,0,0,0,0,0,0,0,0,0,0,0,
274,2003-07-01,0,0,0,0,0,0,0,0,0,0,0,0,0,0,0,0,0,0,0,0,0,0,0,0,0,0,0,0,0,0,0,0,
275,2003-07-02,0,0,0,0,0,0,0,0,0,0,0,0,0,0,0,0,0,0,0,0,0,0,0,0,0,0,0,0,0,0,0,0,
276,2003-07-03,0,0,0,0,0,0,0,0,0,0,0,0,0,0,0,0,0,0,0,0,0,0,0,0,0,0,0,0,0,0,0,0,
277,2003-07-04,0,0,0,0,0,0,0,0,0,0,0,0,0,0,0,0,0,0,0,0,0,0,0,0,0,0,0,0,0,0,0,0,
278,2003-07-05,0,0,0,0,0,0,0,0,0,0,0,0,0,0,0,0,0,0,0,0,0,0,0,0,0,0,0,0,0,0,0,0,
279,2003-07-06,0,0,0,0,0,0,0,0,0,0,0,0,0,0,0,0,0,0,0,0,0,0,0,0,0,0,0,0,0,0,0,0,
280,2003-07-07,0,0,0,0,0,0,0,0,0,0,0,0,0,0,0,0,0,0,0,0,0,0,0,0,0,0,0,0,0,0,0,0,
281,2003-07-08,0,0,0,0,0,0,0,0,0,0,0,0,0,0,0,0,0,0,0,0,0,0,0,0,0,0,0,0,0,0,0,0,
282,2003-07-09,0,0,0,0,0,0,0,0,0,0,0,0,0,0,0,0,0,0,0,0,0,0,0,0,0,0,0,0,0,0,0,0,
283,2003-07-10,0,0,0,0,0,0,0,0,0,0,0,0,0,0,0,0,0,0,0,0,0,0,0,0,0,0,0,0,0,0,0,0,
284,2003-07-11,0,0,0,0,0,0,0,0,0,0,0,0,0,0,0,0,0,0,0,0,0,0,0,0,0,0,0,0,0,0,0,0,
285,2003-07-12,0,0,0,0,0,0,0,0,0,0,0,0,0,0,0,0,0,0,0,0,0,0,0,0,0,0,0,0,0,0,0,0,
286,2003-07-13,0,0,0,0,0,0,0,0,0,0,0,0,0,0,0,0,0,0,0,0,0,0,0,0,0,0,0,0,0,0,0,0,
287,2003-07-14,0,0,0,0,0,0,0,0,0,0,0,0,0,0,0,0,0,0,0,0,0,0,0,0,0,0,0,0,0,0,0,0,
288,2003-07-15,0,0,0,0,0,0,0,0,0,0,0,0,0,0,0,0,0,0,0,0,0,0,0,0,0,0,0,0,0,0,0,0,
289,2003-07-16,0,0,0,0,0,0,0,0,0,0,0,0,0,0,0,0,0,0,0,0,0,0,0,0,0,0,0,0,0,0,0,0,
290,2003-07-17,0,0,0,0,0,0,0,0,0,0,0,0,0,0,0,0,0,0,0,0,0,0,0,0,0,0,0,0,0,0,0,0,
291,2003-07-18,0,0,0,0,0,0,0,0,0,0,0,0,0,0,0,0,0,0,0,0,0,0,0,0,0,0,0,0,0,0,0,0,
292,2003-07-19,0,0,0,0,0,0,0,0,0,0,0,0,0,0,0,0,0,0,0,0,0,0,0,0,0,0,0,0,0,0,0,0,
293,2003-07-20,0,0,0,0,0,0,0,0,0,0,0,0,0,0,0,0,0,0,0,0,0,0,0,0,0,0,0,0,0,0,0,0,
294,2003-07-21,0,0,0,0,0,0,0,0,0,0,0,0,0,0,0,0,0,0,0,0,0,0,0,0,0,0,0,0,0,0,0,0,
295,2003-07-22,0,0,0,0,0,0,0,0,0,0,0,0,0,0,0,0,0,0,0,0,0,0,0,0,0,0,0,0,0,0,0,0,
296,2003-07-23,0,0,0,0,0,0,0,0,0,0,0,0,0,0,0,0,0,0,0,0,0,0,0,0,0,0,0,0,0,0,0,0,
297,2003-07-24,0,0,0,0,0,0,0,0,0,0,0,0,0,0,0,0,0,0,0,0,0,0,0,0,0,0,0,0,0,0,0,0,
298,2003-07-25,0,0,0,0,0,0,0,0,0,0,0,0,0,0,0,0,0,0,0,0,0,0,0,0,0,0,0,0,0,0,0,0,
299,2003-07-26,0,0,0,0,0,0,0,0,0,0,0,0,0,0,0,0,0,0,0,0,0,0,0,0,0,0,0,0,0,0,0,0,
300,2003-07-27,0,0,0,0,0,0,0,0,0,0,0,0,0,0,0,0,0,0,0,0,0,0,0,0,0,0,0,0,0,0,0,0,
301,2003-07-28,0,0,0,0,0,0,0,0,0,0,0,0,0,0,0,0,0,0,0,0,0,0,0,0,0,0,0,0,0,0,0,0,
302,2003-07-29,0,0,0,0,0,0,0,0,0,0,0,0,0,0,0,0,0,0,0,0,0,0,0,0,0,0,0,0,0,0,0,0,
303,2003-07-30,0,0,0,0,0,0,0,0,0,0,0,0,0,0,0,0,0,0,0,0,0,0,0,0,0,0,0,0,0,0,0,0,
304,2003-07-31,0,0,0,0,0,0,0,0,0,0,0,0,0,0,0,0,0,0,0,0,0,0,0,0,0,0,0,0,0,0,0,0,
305,2003-08-01,0,0,0,0,0,0,0,0,0,0,0,0,0,0,0,0,0,0,0,0,0,0,0,0,0,0,0,0,0,0,0,0,
306,2003-08-02,0,0,0,0,0,0,0,0,0,0,0,0,0,0,0,0,0,0,0,0,0,0,0,0,0,0,0,0,0,0,0,0,
307,2003-08-03,0,0,0,0,0,0,0,0,0,0,0,0,0,0,0,0,0,0,0,0,0,0,0,0,0,0,0,0,0,0,0,0,
308,2003-08-04,0,0,0,0,0,0,0,0,0,0,0,0,0,0,0,0,0,0,0,0,0,0,0,0,0,0,0,0,0,0,0,0,
309,2003-08-05,0,0,0,0,0,0,0,0,0,0,0,0,0,0,0,0,0,0,0,0,0,0,0,0,0,0,0,0,0,0,0,0,
310,2003-08-06,0,0,0,0,0,0,0,0,0,0,0,0,0,0,0,0,0,0,0,0,0,0,0,0,0,0,0,0,0,0,0,0,
311,2003-08-07,0,0,0,0,0,0,0,0,0,0,0,0,0,0,0,0,0,0,0,0,0,0,0,0,0,0,0,0,0,0,0,0,
312,2003-08-08,0,0,0,0,0,0,0,0,0,0,0,0,0,0,0,0,0,0,0,0,0,0,0,0,0,0,0,0,0,0,0,0,
313,2003-08-09,0,0,0,0,0,0,0,0,0,0,0,0,0,0,0,0,0,0,0,0,0,0,0,0,0,0,0,0,0,0,0,0,
314,2003-08-10,0,0,0,0,0,0,0,0,0,0,0,0,0,0,0,0,0,0,0,0,0,0,0,0,0,0,0,0,0,0,0,0,
315,2003-08-11,0,0,0,0,0,0,0,0,0,0,0,0,0,0,0,0,0,0,0,0,0,0,0,0,0,0,0,0,0,0,0,0,
316,2003-08-12,0,0,0,0,0,0,0,0,0,0,0,0,0,0,0,0,0,0,0,0,0,0,0,0,0,0,0,0,0,0,0,0,
317,2003-08-13,0,0,0,0,0,0,0,0,0,0,0,0,0,0,0,0,0,0,0,0,0,0,0,0,0,0,0,0,0,0,0,0,
318,2003-08-14,0,0,0,0,0,0,0,0,0,0,0,0,0,0,0,0,0,0,0,0,0,0,0,0,0,0,0,0,0,0,0,0,
319,2003-08-15,0,0,0,0,0,0,0,0,0,0,0,0,0,0,0,0,0,0,0,0,0,0,0,0,0,0,0,0,0,0,0,0,
320,2003-08-16,0,0,0,0,0,0,0,0,0,0,0,0,0,0,0,0,0,0,0,0,0,0,0,0,0,0,0,0,0,0,0,0,
321,2003-08-17,0,0,0,0,0,0,0,0,0,0,0,0,0,0,0,0,0,0,0,0,0,0,0,0,0,0,0,0,0,0,0,0,
322,2003-08-18,0,0,0,0,0,0,0,0,0,0,0,0,0,0,0,0,0,0,0,0,0,0,0,0,0,0,0,0,0,0,0,0,
323,2003-08-19,0,0,0,0,0,0,0,0,0,0,0,0,0,0,0,0,0,0,0,0,0,0,0,0,0,0,0,0,0,0,0,0,
324,2003-08-20,0,0,0,0,0,0,0,0,0,0,0,0,0,0,0,0,0,0,0,0,0,0,0,0,0,0,0,0,0,0,0,0,
325,2003-08-21,0,0,0,0,0,0,0,0,0,0,0,0,0,0,0,0,0,0,0,0,0,0,0,0,0,0,0,0,0,0,0,0,
326,2003-08-22,0,0,0,0,0,0,0,0,0,0,0,0,0,0,0,0,0,0,0,0,0,0,0,0,0,0,0,0,0,0,0,0,
327,2003-08-23,0,0,0,0,0,0,0,0,0,0,0,0,0,0,0,0,0,0,0,0,0,0,0,0,0,0,0,0,0,0,0,0,
328,2003-08-24,0,0,0,0,0,0,0,0,0,0,0,0,0,0,0,0,0,0,0,0,0,0,0,0,0,0,0,0,0,0,0,0,
329,2003-08-25,0,0,0,0,0,0,0,0,0,0,0,0,0,0,0,0,0,0,0,0,0,0,0,0,0,0,0,0,0,0,0,0,
330,2003-08-26,0,0,0,0,0,0,0,0,0,0,0,0,0,0,0,0,0,0,0,0,0,0,0,0,0,0,0,0,0,0,0,0,
331,2003-08-27,0,0,0,0,0,0,0,0,0,0,0,0,0,0,0,0,0,0,0,0,0,0,0,0,0,0,0,0,0,0,0,0,
332,2003-08-28,0,0,0,0,0,0,0,0,0,0,0,0,0,0,0,0,0,0,0,0,0,0,0,0,0,0,0,0,0,0,0,0,
333,2003-08-29,0,0,0,0,0,0,0,0,0,0,0,0,0,0,0,0,0,0,0,0,0,0,0,0,0,0,0,0,0,0,0,0,
334,2003-08-30,0,0,0,0,0,0,0,0,0,0,0,0,0,0,0,0,0,0,0,0,0,0,0,0,0,0,0,0,0,0,0,0,
335,2003-08-31,0,0,0,0,0,0,0,0,0,0,0,0,0,0,0,0,0,0,0,0,0,0,0,0,0,0,0,0,0,0,0,0,
336,2003-09-01,0,0,0,0,0,0,0,0,0,0,0,0,0,0,0,0,0,0,0,0,0,0,0,0,0,0,0,0,0,0,0,0,
337,2003-09-02,0,0,0,0,0,0,0,0,0,0,0,0,0,0,0,0,0,0,0,0,0,0,0,0,0,0,0,0,0,0,0,0,
338,2003-09-03,0,0,0,0,0,0,0,0,0,0,0,0,0,0,0,0,0,0,0,0,0,0,0,0,0,0,0,0,0,0,0,0,
339,2003-09-04,0,0,0,0,0,0,0,0,0,0,0,0,0,0,0,0,0,0,0,0,0,0,0,0,0,0,0,0,0,0,0,0,
340,2003-09-05,0,0,0,0,0,0,0,0,0,0,0,0,0,0,0,0,0,0,0,0,0,0,0,0,0,0,0,0,0,0,0,0,
341,2003-09-06,0,0,0,0,0,0,0,0,0,0,0,0,0,0,0,0,0,0,0,0,0,0,0,0,0,0,0,0,0,0,0,0,
342,2003-09-07,0,0,0,0,0,0,0,0,0,0,0,0,0,0,0,0,0,0,0,0,0,0,0,0,0,0,0,0,0,0,0,0,
343,2003-09-08,0,0,0,0,0,0,0,0,0,0,0,0,0,0,0,0,0,0,0,0,0,0,0,0,0,0,0,0,0,0,0,0,
344,2003-09-09,0,0,0,0,0,0,0,0,0,0,0,0,0,0,0,0,0,0,0,0,0,0,0,0,0,0,0,0,0,0,0,0,
345,2003-09-10,0,0,0,0,0,0,0,0,0,0,0,0,0,0,0,0,0,0,0,0,0,0,0,0,0,0,0,0,0,0,0,0,
346,2003-09-11,0,0,0,0,0,0,0,0,0,0,0,0,0,0,0,0,0,0,0,0,0,0,0,0,0,0,0,0,0,0,0,0,
347,2003-09-12,0,0,0,0,0,0,0,0,0,0,0,0,0,0,0,0,0,0,0,0,0,0,0,0,0,0,0,0,0,0,0,0,
348,2003-09-13,0,0,0,0,0,0,0,0,0,0,0,0,0,0,0,0,0,0,0,0,0,0,0,0,0,0,0,0,0,0,0,0,
349,2003-09-14,0,0,0,0,0,0,0,0,0,0,0,0,0,0,0,0,0,0,0,0,0,0,0,0,0,0,0,0,0,0,0,0,
350,2003-09-15,0,0,0,0,0,0,0,0,0,0,0,0,0,0,0,0,0,0,0,0,0,0,0,0,0,0,0,0,0,0,0,0,
351,2003-09-16,0,0,0,0,0,0,0,0,0,0,0,0,0,0,0,0,0,0,0,0,0,0,0,0,0,0,0,0,0,0,0,0,
352,2003-09-17,0,0,0,0,0,0,0,0,0,0,0,0,0,0,0,0,0,0,0,0,0,0,0,0,0,0,0,0,0,0,0,0,
353,2003-09-18,0,0,0,0,0,0,0,0,0,0,0,0,0,0,0,0,0,0,0,0,0,0,0,0,0,0,0,0,0,0,0,0,
354,2003-09-19,0,0,0,0,0,0,0,0,0,0,0,0,0,0,0,0,0,0,0,0,0,0,0,0,0,0,0,0,0,0,0,0,
355,2003-09-20,0,0,0,0,0,0,0,0,0,0,0,0,0,0,0,0,0,0,0,0,0,0,0,0,0,0,0,0,0,0,0,0,
356,2003-09-21,0,0,0,0,0,0,0,0,0,0,0,0,0,0,0,0,0,0,0,0,0,0,0,0,0,0,0,0,0,0,0,0,
357,2003-09-22,0,0,0,0,0,0,0,0,0,0,0,0,0,0,0,0,0,0,0,0,0,0,0,0,0,0,0,0,0,0,0,0,
358,2003-09-23,0,0,0,0,0,0,0,0,0,0,0,0,0,0,0,0,0,0,0,0,0,0,0,0,0,0,0,0,0,0,0,0,
359,2003-09-24,0,0,0,0,0,0,0,0,0,0,0,0,0,0,0,0,0,0,0,0,0,0,0,0,0,0,0,0,0,0,0,0,
360,2003-09-25,0,0,0,0,0,0,0,0,0,0,0,0,0,0,0,0,0,0,0,0,0,0,0,0,0,0,0,0,0,0,0,0,
361,2003-09-26,0,0,0,0,0,0,0,0,0,0,0,0,0,0,0,0,0,0,0,0,0,0,0,0,0,0,0,0,0,0,0,0,
362,2003-09-27,0,0,0,0,0,0,0,0,0,0,0,0,0,0,0,0,0,0,0,0,0,0,0,0,0,0,0,0,0,0,0,0,
363,2003-09-28,0,0,0,0,0,0,0,0,0,0,0,0,0,0,0,0,0,0,0,0,0,0,0,0,0,0,0,0,0,0,0,0,
364,2003-09-29,0,0,0,0,0,0,0,0,0,0,0,0,0,0,0,0,0,0,0,0,0,0,0,0,0,0,0,0,0,0,0,0,
365,2003-09-30,0,0,0,0,0,0,0,0,0,0,0,0,0,0,0,0,0,0,0,0,0,0,0,0,0,0,0,0,0,0,0,0,
366,2003-10-01,0,0,0,0,0,0,0,0,0,0,0,0,0,0,0,0,0,0,0,0,0,0,0,0,0,0,0,0,0,0,0,0,
367,2003-10-02,0,0,0,0,0,0,0,0,0,0,0,0,0,0,0,0,0,0,0,0,0,0,0,0,0,0,0,0,0,0,0,0,
368,2003-10-03,0,0,0,0,0,0,0,0,0,0,0,0,0,0,0,0,0,0,0,0,0,0,0,0,0,0,0,0,0,0,0,0,
369,2003-10-04,0,0,0,0,0,0,0,0,0,0,0,0,0,0,0,0,0,0,0,0,0,0,0,0,0,0,0,0,0,0,0,0,
370,2003-10-05,0,0,0,0,0,0,0,0,0,0,0,0,0,0,0,0,0,0,0,0,0,0,0,0,0,0,0,0,0,0,0,0,
371,2003-10-06,0,0,0,0,0,0,0,0,0,0,0,0,0,0,0,0,0,0,0,0,0,0,0,0,0,0,0,0,0,0,0,0,
372,2003-10-07,0,0,0,0,0,0,0,0,0,0,0,0,0,0,0,0,0,0,0,0,0,0,0,0,0,0,0,0,0,0,0,0,
373,2003-10-08,0,0,0,0,0,0,0,0,0,0,0,0,0,0,0,0,0,0,0,0,0,0,0,0,0,0,0,0,0,0,0,0,
374,2003-10-09,0,0,0,0,0,0,0,0,0,0,0,0,0,0,0,0,0,0,0,0,0,0,0,0,0,0,0,0,0,0,0,0,
375,2003-10-10,0,0,0,0,0,0,0,0,0,0,0,0,0,0,0,0,0,0,0,0,0,0,0,0,0,0,0,0,0,0,0,0,
376,2003-10-11,0,0,0,0,0,0,0,0,0,0,0,0,0,0,0,0,0,0,0,0,0,0,0,0,0,0,0,0,0,0,0,0,
377,2003-10-12,0,0,0,0,0,0,0,0,0,0,0,0,0,0,0,0,0,0,0,0,0,0,0,0,0,0,0,0,0,0,0,0,
378,2003-10-13,0,0,0,0,0,0,0,0,0,0,0,0,0,0,0,0,0,0,0,0,0,0,0,0,0,0,0,0,0,0,0,0,
379,2003-10-14,0,0,0,0,0,0,0,0,0,0,0,0,0,0,0,0,0,0,0,0,0,0,0,0,0,0,0,0,0,0,0,0,
380,2003-10-15,0,0,0,0,0,0,0,0,0,0,0,0,0,0,0,0,0,0,0,0,0,0,0,0,0,0,0,0,0,0,0,0,
381,2003-10-16,0,0,0,0,0,0,0,0,0,0,0,0,0,0,0,0,0,0,0,0,0,0,0,0,0,0,0,0,0,0,0,0,
382,2003-10-17,0,0,0,0,0,0,0,0,0,0,0,0,0,0,0,0,0,0,0,0,0,0,0,0,0,0,0,0,0,0,0,0,
383,2003-10-18,0,0,0,0,0,0,0,0,0,0,0,0,0,0,0,0,0,0,0,0,0,0,0,0,0,0,0,0,0,0,0,0,
384,2003-10-19,0,0,0,0,0,0,0,0,0,0,0,0,0,0,0,0,0,0,0,0,0,0,0,0,0,0,0,0,0,0,0,0,
385,2003-10-20,0,0,0,0,0,0,0,0,0,0,0,0,0,0,0,0,0,0,0,0,0,0,0,0,0,0,0,0,0,0,0,0,
386,2003-10-21,0,0,0,0,0,0,0,0,0,0,0,0,0,0,0,0,0,0,0,0,0,0,0,0,0,0,0,0,0,0,0,0,
387,2003-10-22,0,0,0,0,0,0,0,0,0,0,0,0,0,0,0,0,0,0,0,0,0,0,0,0,0,0,0,0,0,0,0,0,
388,2003-10-23,0,0,0,0,0,0,0,0,0,0,0,0,0,0,0,0,0,0,0,0,0,0,0,0,0,0,0,0,0,0,0,0,
389,2003-10-24,0,0,0,0,0,0,0,0,0,0,0,0,0,0,0,0,0,0,0,0,0,0,0,0,0,0,0,0,0,0,0,0,
390,2003-10-25,0,0,0,0,0,0,0,0,0,0,0,0,0,0,0,0,0,0,0,0,0,0,0,0,0,0,0,0,0,0,0,0,
391,2003-10-26,0,0,0,0,0,0,0,0,0,0,0,0,0,0,0,0,0,0,0,0,0,0,0,0,0,0,0,0,0,0,0,0,
392,2003-10-27,0,0,0,0,0,0,0,0,0,0,0,0,0,0,0,0,0,0,0,0,0,0,0,0,0,0,0,0,0,0,0,0,
393,2003-10-28,0,0,0,0,0,0,0,0,0,0,0,0,0,0,0,0,0,0,0,0,0,0,0,0,0,0,0,0,0,0,0,0,
394,2003-10-29,0,0,0,0,0,0,0,0,0,0,0,0,0,0,0,0,0,0,0,0,0,0,0,0,0,0,0,0,0,0,0,0,
395,2003-10-30,0,0,0,0,0,0,0,0,0,0,0,0,0,0,0,0,0,0,0,0,0,0,0,0,0,0,0,0,0,0,0,0,
396,2003-10-31,0,0,0,0,0,0,0,0,0,0,0,0,0,0,0,0,0,0,0,0,0,0,0,0,0,0,0,0,0,0,0,0,
397,2003-11-01,0,0,0,0,0,0,0,0,0,0,0,0,0,0,0,0,0,0,0,0,0,0,0,0,0,0,0,0,0,0,0,0,
398,2003-11-02,0,0,0,0,0,0,0,0,0,0,0,0,0,0,0,0,0,0,0,0,0,0,0,0,0,0,0,0,0,0,0,0,
399,2003-11-03,0,0,0,0,0,0,0,0,0,0,0,0,0,0,0,0,0,0,0,0,0,0,0,0,0,0,0,0,0,0,0,0,
400,2003-11-04,0,0,0,0,0,0,0,0,0,0,0,0,0,0,0,0,0,0,0,0,0,0,0,0,0,0,0,0,0,0,0,0,
401,2003-11-05,0,0,0,0,0,0,0,0,0,0,0,0,0,0,0,0,0,0,0,0,0,0,0,0,0,0,0,0,0,0,0,0,
402,2003-11-06,0,0,0,0,0,0,0,0,0,0,0,0,0,0,0,0,0,0,0,0,0,0,0,0,0,0,0,0,0,0,0,0,
403,2003-11-07,0,0,0,0,0,0,0,0,0,0,0,0,0,0,0,0,0,0,0,0,0,0,0,0,0,0,0,0,0,0,0,0,
404,2003-11-08,0,0,0,0,0,0,0,0,0,0,0,0,0,0,0,0,0,0,0,0,0,0,0,0,0,0,0,0,0,0,0,0,
405,2003-11-09,0,0,0,0,0,0,0,0,0,0,0,0,0,0,0,0,0,0,0,0,0,0,0,0,0,0,0,0,0,0,0,0,
406,2003-11-10,0,0,0,0,0,0,0,0,0,0,0,0,0,0,0,0,0,0,0,0,0,0,0,0,0,0,0,0,0,0,0,0,
407,2003-11-11,0,0,0,0,0,0,0,0,0,0,0,0,0,0,0,0,0,0,0,0,0,0,0,0,0,0,0,0,0,0,0,0,
408,2003-11-12,0,0,0,0,0,0,0,0,0,0,0,0,0,0,0,0,0,0,0,0,0,0,0,0,0,0,0,0,0,0,0,0,
409,2003-11-13,8.955,8.955,8.55,8.955,8.955,0,2.7837,0,0,2.65781,0,0,2.7837,0,0,0,0,0,0,0,0,0,0,0,0,0,0,0,0,0,0,0,
410,2003-11-14,9.154,9.154,8.74,9.154,9.154,0.536236,2.7837,0.536236,0.511984,2.65781,0.511984,0.536236,2.7837,0.536236,0.536236,0.536236,0.536236,0.511984,0.511984,0.511984,0.536236,0.536236,0.536236,0.538931,0.536236,0.536236,0.536236,0.511984,0.536236,0.536236,0.536236,0.538931,
411,2003-11-15,1.50538,1.49992,5.42925,1.51936,1.50637,0,0,0,0,0,0,0,0,0,0,0,0,0,0,0,0,0,0,0,0,0,0,0,0,0,0,0,
412,2003-11-16,0,0,1.8859,0,0,0,0,0,0,0,0,0,0,0,0,0,0,0,0,0,0,0,0,0,0,0,0,0,0,0,0,0,
413,2003-11-17,0,0,0,0,0,0,0,0,0,0,0,0,0,0,0,0,0,0,0,0,0,0,0,0,0,0,0,0,0,0,0,0,
414,2003-11-18,0,0,0,0,0,0,0,0,0,0,0,0,0,0,0,0,0,0,0,0,0,0,0,0,0,0,0,0,0,0,0,0,
415,2003-11-19,0,0,0,0,0,0,0,0,0,0,0,0,0,0,0,0,0,0,0,0,0,0,0,0,0,0,0,0,0,0,0,0,
416,2003-11-20,0,0,0,0,0,0,0,0,0,0,0,0,0,0,0,0,0,0,0,0,0,0,0,0,0,0,0,0,0,0,0,0,
417,2003-11-21,0,0,0,0,0,0,0,0,0,0,0,0,0,0,0,0,0,0,0,0,0,0,0,0,0,0,0,0,0,0,0,0,
418,2003-11-22,0,0,0,0,0,0,0,0,0,0,0,0,0,0,0,0,0,0,0,0,0,0,0,0,0,0,0,0,0,0,0,0,
419,2003-11-23,0,0,0,0,0,0,0,0,0,0,0,0,0,0,0,0,0,0,0,0,0,0,0,0,0,0,0,0,0,0,0,0,
420,2003-11-24,0,0,0,0,0,0,0,0,0,0,0,0,0,0,0,0,0,0,0,0,0,0,0,0,0,0,0,0,0,0,0,0,
421,2003-11-25,0,0,0,0,0,1.1,0,1.1,1.1,0,1.1,1.1,0,1.1,1.1,1.1,1.1,1.1,1.1,1.1,1.1,1.1,1.1,1.1,1.1,1.1,1.1,1.1,1.1,1.1,1.1,1.1,
422,2003-11-26,0,0,0,0,0,0,0,0,0,0,0,0,0,0,0,0,0,0,0,0,0,0,0,0,0,0,0,0,0,0,0,0,
423,2003-11-27,1.20834,1.20795,1.52067,1.20935,1.20841,1.88579,0,1.88724,2.16587,0,2.16594,1.89649,0,1.8917,1.8888,1.89442,1.90275,2.16548,2.16479,2.16589,1.88542,1.90703,1.89656,1.86549,1.89089,1.88569,1.93521,2.16554,1.88945,1.88641,1.92085,1.86789,
424,2003-11-28,0,0,0,0,0,0,0,0,0.547378,0,0.547944,0,0,0,0,0,0,0.544009,0.538201,0.547531,0,0,0,0,0,0,0,0.544569,0,0,0,0,
425,2003-11-29,1,1,1,1,1,0,1.5,0,0.574747,1.5,0.575341,0,1.5,0,0,0,0,0.57121,0.565111,0.574907,0,0,0,0,0,0,0,0.571797,0,0,0,0,
426,2003-11-30,0,0,0,0,0,0,0,0,0,0,0,0,0,0,0,0,0,0,0,0,0,0,0,0,0,0,0,0,0,0,0,0,
427,2003-12-01,8.6,8.6,8.6,8.6,8.6,0,2,0,0,2,0,0,2,0,0,0,0,0,0,0,0,0,0,0,0,0,0,0,0,0,0,0,
428,2003-12-02,8.6,8.6,8.6,8.6,8.6,0,2,0,0,2,0,0,2,0,0,0,0,0,0,0,0,0,0,0,0,0,0,0,0,0,0,0,
429,2003-12-03,8.6,8.6,8.6,8.6,8.6,0,2,0,0,2,0,0,2,0,0,0,0,0,0,0,0,0,0,0,0,0,0,0,0,0,0,0,
430,2003-12-04,8.6,8.6,8.6,8.6,8.6,0,2,0,0,2,0,0,2,0,0,0,0,0,0,0,0,0,0,0,0,0,0,0,0,0,0,0,
431,2003-12-05,8.6,8.6,8.6,8.6,8.6,0,2,0,0,2,0,0,2,0,0,0,0,0,0,0,0,0,0,0,0,0,0,0,0,0,0,0,
432,2003-12-06,8.6,8.6,8.6,8.6,8.6,0,2,0,0,2,0,0,2,0,0,0,0,0,0,0,0,0,0,0,0,0,0,0,0,0,0,0,
433,2003-12-07,8.6,8.6,8.6,8.6,8.6,0,2,0,0,2,0,0,2,0,0,0,0,0,0,0,0,0,0,0,0,0,0,0,0,0,0,0,
434,2003-12-08,8.6,8.6,8.6,8.6,8.6,0,2,0,0,2,0,0,2,0,0,0,0,0,0,0,0,0,0,0,0,0,0,0,0,0,0,0,
435,2003-12-09,8.6,8.6,8.6,8.6,8.6,0,0,0,0,0.619901,0,0,0,0,0,0,0,0,0,0,0,0,0,0,0,0,0,0,0,0,0,0,
436,2003-12-10,3.34088,3.33713,6.32356,3.35049,3.34157,0,0,0,0,0,0,0,0,0,0,0,0,0,0,0,0,0,0,0,0,0,0,0,0,0,0,0,
437,2003-12-11,4.627,4.62306,7.75882,4.63709,4.62772,0,1.5,0,0,1.5,0,0,1.5,0,0,0,0,0,0,0,0,0,0,0,0,0,0,0,0,0,0,0,
438,2003-12-12,17.7079,17.704,20.8397,17.718,17.7086,0,6.5,0,0,6.5,0,0,6.5,0,0,0,0,0,0,0,0,0,0,0,0,0,0,0,0,0,0,0,
439,2003-12-13,18.3079,18.304,21.4397,18.318,18.3086,0,6.5,0,0,6.5,0,0,6.5,0,0,0,0,0,0,0,0,0,0,0,0,0,0,0,0,0,0,0,
440,2003-12-14,21.1079,21.104,24.2397,21.118,21.1086,0,9.5,0,0,9.5,0,0,9.5,0,0,0,0,0,0,0,0,0,0,0,0,0,0,0,0,0,0,0,
441,2003-12-15,21.1079,21.104,24.2397,21.118,21.1086,0,9.5,0,0,9.5,0,0,9.5,0,0,0,0,0,0,0,0,0,0,0,0,0,0,0,0,0,0,0,
442,2003-12-16,22.9703,22.9663,26.1021,22.9804,22.971,0,7.54076,0,0,8.59175,0,0,7.48804,0,0,0,0,0,0,0,0,0,0,0,0,0,0,0,0,0,0,0,
443,2003-12-17,26.7079,26.704,29.8397,26.718,26.7086,0,13.9178,0,0,15.0213,0,0,13.8624,0,0,0,0,0,0,0,0,0,0,0,0,0,0,0,0,0,0,0,
444,2003-12-18,27.1079,27.104,30.2397,27.118,27.1086,0,13.9178,0,0,15.0213,0,0,13.8624,0,0,0,0,0,0,0,0,0,0,0,0,0,0,0,0,0,0,0,
445,2003-12-19,29.7079,29.704,32.8397,29.718,29.7086,0,17.7178,0,0,18.8213,0,0,17.6624,0,0,0,0,0,0,0,0,0,0,0,0,0,0,0,0,0,0,0,
446,2003-12-20,30.3079,30.304,33.4397,30.318,30.3086,0,18.7178,0,0,19.8213,0,0,18.6624,0,0,0,0,0,0,0,0,0,0,0,0,0,0,0,0,0,0,0,
447,2003-12-21,30.3079,30.304,33.4397,30.318,30.3086,0,18.7178,0,0,19.8213,0,0,18.6624,0,0,0,0,0,0,0,0,0,0,0,0,0,0,0,0,0,0,0,
448,2003-12-22,27.1951,27.1889,32.0923,27.2108,27.1962,0,14.8115,0,0,18.0105,0,0,14.651,0,0,0,0,0,0,0,0,0,0,0,0,0,0,0,0,0,0,0,
449,2003-12-23,24.6005,24.5924,30.9692,24.621,24.6019,0,10.416,0,0,15.9728,0,0,10.1373,0,0,0,0,0,0,0,0,0,0,0,0,0,0,0,0,0,0,0,
450,2003-12-24,22.0048,21.9949,29.8457,22.03,22.0066,0,7.48446,0,0,14.6138,0,0,7.12682,0,0,0,0,0,0,0,0,0,0,0,0,0,0,0,0,0,0,0,
451,2003-12-25,23.505,23.4947,31.738,23.5315,23.5069,0,13.6587,0,0,21.1445,0,0,13.2832,0,0,0,0,0,0,0,0,0,0,0,0,0,0,0,0,0,0,0,
452,2003-12-26,23.505,23.4947,31.738,23.5315,23.5069,0,13.6587,0,0,21.1445,0,0,13.2832,0,0,0,0,0,0,0,0,0,0,0,0,0,0,0,0,0,0,0,
453,2003-12-27,21.4233,21.4114,30.8369,21.4536,21.4255,0,13.6587,0,0,21.1445,0,0,13.2832,0,0,0,0,0,0,0,0,0,0,0,0,0,0,0,0,0,0,0,
454,2003-12-28,15.1704,15.1541,28.1303,15.2121,15.1734,0,7.28325,0,0,18.189,0,0,6.73616,0,0,0,0,0,0,0,0,0,0,0,0,0,0,0,0,0,0,0,
455,2003-12-29,6.29929,6.27663,24.2904,6.35725,6.3034,0,0,0,0,12.9525,0,0,0,0,0,0,0,0,0,0,0,0,0,0,0,0,0,0,0,0,0,0,
456,2003-12-30,6.69929,6.67663,24.6904,6.75725,6.7034,0,0,0,0,12.2684,0,0,0,0,0,0,0,0,0,0,0,0,0,0,0,0,0,0,0,0,0,0,
457,2003-12-31,4.081,4.05648,23.557,4.14375,4.08545,0,0,0,0,10.8975,0,0,0,0,0,0,0,0,0,0,0,0,0,0,0,0,0,0,0,0,0,0,
458,2004-01-01,5.14459,5.11884,24.6666,5.21047,5.14926,0,0,0,0,9.75284,0,0,0,0,0,0,0,0,0,0,0,0,0,0,0,0,0,0,0,0,0,0,
459,2004-01-02,0,0,20.1137,0,0,0,0,0,0,4.47541,0,0,0,0,0,0,0,0,0,0,0,0,0,0,0,0,0,0,0,0,0,0,
460,2004-01-03,0,0,13.9524,0,0,0,0,0,0,0,0,0,0,0,0,0,0,0,0,0,0,0,0,0,0,0,0,0,0,0,0,0,
461,2004-01-04,1.6,1.6,16.25,1.6,1.6,0,5,0,0,5,0,0,5,0,0,0,0,0,0,0,0,0,0,0,0,0,0,0,0,0,0,0,
462,2004-01-05,5.2,5.2,19.85,5.2,5.2,0,14,0,0,14,0,0,14,0,0,0,0,0,0,0,0,0,0,0,0,0,0,0,0,0,0,0,
463,2004-01-06,8.6,8.6,23.25,8.6,8.6,0,30,0,0,30,0,0,30,0,0,0,0,0,0,0,0,0,0,0,0,0,0,0,0,0,0,0,
464,2004-01-07,16.8,16.8,31.45,16.8,16.8,0,32,0,0,32,0,0,32,0,0,0,0,0,0,0,0,0,0,0,0,0,0,0,0,0,0,0,
465,2004-01-08,17.4,17.4,32.05,17.4,17.4,1.4,34,1.4,1.4,34,1.4,1.4,34,1.4,1.4,1.4,1.4,1.4,1.4,1.4,1.4,1.4,1.4,1.4,1.4,1.4,1.4,1.4,1.4,1.4,1.4,1.4,
466,2004-01-09,17.4,17.4,32.05,17.4,17.4,1.4,34,1.4,1.4,34,1.4,1.4,34,1.4,1.4,1.4,1.4,1.4,1.4,1.4,1.4,1.4,1.4,1.4,1.4,1.4,1.4,1.4,1.4,1.4,1.4,1.4,
467,2004-01-10,17.8,17.8,32.45,17.8,17.8,1.4,38,1.4,1.4,38,1.4,1.4,38,1.4,1.4,1.4,1.4,1.4,1.4,1.4,1.4,1.4,1.4,1.4,1.4,1.4,1.4,1.4,1.4,1.4,1.4,1.4,
468,2004-01-11,28.2,28.2,42.85,28.2,28.2,1.4,50,1.4,1.4,50,1.4,1.4,50,1.4,1.4,1.4,1.4,1.4,1.4,1.4,1.4,1.4,1.4,1.4,1.4,1.4,1.4,1.4,1.4,1.4,1.4,1.4,
469,2004-01-12,33.2,33.2,47.85,33.2,33.2,1.6,53,1.6,1.6,53,1.6,1.6,53,1.6,1.6,1.6,1.6,1.6,1.6,1.6,1.6,1.6,1.6,1.6,1.6,1.6,1.6,1.6,1.6,1.6,1.6,1.6,
470,2004-01-13,33.6,33.6,48.25,33.6,33.6,1.6,53,1.6,1.6,53,1.6,1.6,53,1.6,1.6,1.6,1.6,1.6,1.6,1.6,1.6,1.6,1.6,1.6,1.6,1.6,1.6,1.6,1.6,1.6,1.6,1.6,
471,2004-01-14,37,37,51.65,37,37,1.6,62,1.6,1.6,62,1.6,1.6,62,1.6,1.6,1.6,1.6,1.6,1.6,1.6,1.6,1.6,1.6,1.6,1.6,1.6,1.6,1.6,1.6,1.6,1.6,1.6,
472,2004-01-15,37,37,51.65,37,37,1.6,62,1.6,1.6,62,1.6,1.6,62,1.6,1.6,1.6,1.6,1.6,1.6,1.6,1.6,1.6,1.6,1.6,1.6,1.6,1.6,1.6,1.6,1.6,1.6,1.6,
473,2004-01-16,37,37,51.65,37,37,1.6,62,1.6,1.6,62,1.6,1.6,62,1.6,1.6,1.6,1.6,1.6,1.6,1.6,1.6,1.6,1.6,1.6,1.6,1.6,1.6,1.6,1.6,1.6,1.6,1.6,
474,2004-01-17,39.6,39.6,54.25,39.6,39.6,1.6,67.3,1.6,1.6,67.3,1.6,1.6,67.3,1.6,1.6,1.6,1.6,1.6,1.6,1.6,1.6,1.6,1.6,1.6,1.6,1.6,1.6,1.6,1.6,1.6,1.6,1.6,
475,2004-01-18,44.4,44.4,59.05,44.4,44.4,1.6,78.3,1.6,1.6,78.3,1.6,1.6,78.3,1.6,1.6,1.6,1.6,1.6,1.6,1.6,1.6,1.6,1.6,1.6,1.6,1.6,1.6,1.6,1.6,1.6,1.6,1.6,
476,2004-01-19,45.4,45.4,60.05,45.4,45.4,1.6,78.3,1.6,1.6,78.3,1.6,1.6,78.3,1.6,1.6,1.6,1.6,1.6,1.6,1.6,1.6,1.6,1.6,1.6,1.6,1.6,1.6,1.6,1.6,1.6,1.6,1.6,
477,2004-01-20,45.8,45.8,60.45,45.8,45.8,1.6,78.3,1.6,1.6,78.3,1.6,1.6,78.3,1.6,1.6,1.6,1.6,1.6,1.6,1.6,1.6,1.6,1.6,1.6,1.6,1.6,1.6,1.6,1.6,1.6,1.6,1.6,
478,2004-01-21,55.2,55.2,69.85,55.2,55.2,1.6,95.3,1.6,1.6,95.3,1.6,1.6,95.3,1.6,1.6,1.6,1.6,1.6,1.6,1.6,1.6,1.6,1.6,1.6,1.6,1.6,1.6,1.6,1.6,1.6,1.6,1.6,
479,2004-01-22,60.8,60.8,75.45,60.8,60.8,1.6,106.3,1.6,1.6,106.3,1.6,1.6,106.3,1.6,1.6,1.6,1.6,1.6,1.6,1.6,1.6,1.6,1.6,1.6,1.6,1.6,1.6,1.6,1.6,1.6,1.6,1.6,
480,2004-01-23,61.6,61.6,76.25,61.6,61.6,1.6,108.3,1.6,1.6,108.3,1.6,1.6,108.3,1.6,1.6,1.6,1.6,1.6,1.6,1.6,1.6,1.6,1.6,1.6,1.6,1.6,1.6,1.6,1.6,1.6,1.6,1.6,
481,2004-01-24,62.2,62.2,76.85,62.2,62.2,1.6,108.3,1.6,1.6,108.3,1.6,1.6,108.3,1.6,1.6,1.6,1.6,1.6,1.6,1.6,1.6,1.6,1.6,1.6,1.6,1.6,1.6,1.6,1.6,1.6,1.6,1.6,
482,2004-01-25,62.2,62.2,76.85,62.2,62.2,1.6,108.3,1.6,1.6,108.3,1.6,1.6,108.3,1.6,1.6,1.6,1.6,1.6,1.6,1.6,1.6,1.6,1.6,1.6,1.6,1.6,1.6,1.6,1.6,1.6,1.6,1.6,
483,2004-01-26,67.2,67.2,81.85,67.2,67.2,1.6,111.8,1.6,1.6,111.8,1.6,1.6,111.8,1.6,1.6,1.6,1.6,1.6,1.6,1.6,1.6,1.6,1.6,1.6,1.6,1.6,1.6,1.6,1.6,1.6,1.6,1.6,
484,2004-01-27,72,72,86.65,72,72,1.6,125.3,1.6,1.6,125.3,1.6,1.6,125.3,1.6,1.6,1.6,1.6,1.6,1.6,1.6,1.6,1.6,1.6,1.6,1.6,1.6,1.6,1.6,1.6,1.6,1.6,1.6,
485,2004-01-28,79.8,79.8,94.45,79.8,79.8,1.6,138.8,1.6,1.6,138.8,1.6,1.6,138.8,1.6,1.6,1.6,1.6,1.6,1.6,1.6,1.6,1.6,1.6,1.6,1.6,1.6,1.6,1.6,1.6,1.6,1.6,1.6,
486,2004-01-29,81.8,81.8,96.45,81.8,81.8,1.6,144.8,1.6,1.6,144.8,1.6,1.6,144.8,1.6,1.6,1.6,1.6,1.6,1.6,1.6,1.6,1.6,1.6,1.6,1.6,1.6,1.6,1.6,1.6,1.6,1.6,1.6,
487,2004-01-30,101,101,115.65,101,101,1.6,160.8,1.6,1.6,160.8,1.6,1.6,160.8,1.6,1.6,1.6,1.6,1.6,1.6,1.6,1.6,1.6,1.6,1.6,1.6,1.6,1.6,1.6,1.6,1.6,1.6,1.6,
488,2004-01-31,108,108,122.65,108,108,1.6,164.8,1.6,1.6,164.8,1.6,1.6,164.8,1.6,1.6,1.6,1.6,1.6,1.6,1.6,1.6,1.6,1.6,1.6,1.6,1.6,1.6,1.6,1.6,1.6,1.6,1.6,
489,2004-02-01,108,108,122.65,108,108,1.6,164.8,1.6,1.6,164.8,1.6,1.6,164.8,1.6,1.6,1.6,1.6,1.6,1.6,1.6,1.6,1.6,1.6,1.6,1.6,1.6,1.6,1.6,1.6,1.6,1.6,1.6,
490,2004-02-02,112,112,126.65,112,112,1.6,167.8,1.6,1.6,167.8,1.6,1.6,167.8,1.6,1.6,1.6,1.6,1.6,1.6,1.6,1.6,1.6,1.6,1.6,1.6,1.6,1.6,1.6,1.6,1.6,1.6,1.6,
491,2004-02-03,114.8,114.8,129.45,114.8,114.8,1.6,166.708,1.6,1.6,167.33,1.6,1.6,166.677,1.6,1.6,1.6,1.6,1.6,1.6,1.6,1.6,1.6,1.6,1.6,1.6,1.6,1.6,1.6,1.6,1.6,1.6,1.6,
492,2004-02-04,115,115,129.65,115,115,1.6,168.641,1.6,1.6,169.263,1.6,1.6,168.61,1.6,1.6,1.6,1.6,1.6,1.6,1.6,1.6,1.6,1.6,1.6,1.6,1.6,1.6,1.6,1.6,1.6,1.6,1.6,
493,2004-02-05,116.2,116.2,130.85,116.2,116.2,1.6,170.641,1.6,1.6,171.263,1.6,1.6,170.61,1.6,1.6,1.6,1.6,1.6,1.6,1.6,1.6,1.6,1.6,1.6,1.6,1.6,1.6,1.6,1.6,1.6,1.6,1.6,
494,2004-02-06,119,119,133.65,119,119,1.6,171.641,1.6,1.6,172.263,1.6,1.6,171.61,1.6,1.6,1.6,1.6,1.6,1.6,1.6,1.6,1.6,1.6,1.6,1.6,1.6,1.6,1.6,1.6,1.6,1.6,1.6,
495,2004-02-07,119,119,133.65,119,119,1.6,171.641,1.6,1.6,172.263,1.6,1.6,171.61,1.6,1.6,1.6,1.6,1.6,1.6,1.6,1.6,1.6,1.6,1.6,1.6,1.6,1.6,1.6,1.6,1.6,1.6,1.6,
496,2004-02-08,119,119,133.65,119,119,1.6,171.641,1.6,1.6,172.263,1.6,1.6,171.61,1.6,1.6,1.6,1.6,1.6,1.6,1.6,1.6,1.6,1.6,1.6,1.6,1.6,1.6,1.6,1.6,1.6,1.6,1.6,
497,2004-02-09,120,120,134.65,120,120,1.6,172.641,1.6,1.6,173.263,1.6,1.6,172.61,1.6,1.6,1.6,1.6,1.6,1.6,1.6,1.6,1.6,1.6,1.6,1.6,1.6,1.6,1.6,1.6,1.6,1.6,1.6,
498,2004-02-10,122,122,136.65,122,122,1.6,179.641,1.6,1.6,180.263,1.6,1.6,179.61,1.6,1.6,1.6,1.6,1.6,1.6,1.6,1.6,1.6,1.6,1.6,1.6,1.6,1.6,1.6,1.6,1.6,1.6,1.6,
499,2004-02-11,122.4,122.4,137.05,122.4,122.4,1.6,180.641,1.6,1.6,181.263,1.6,1.6,180.61,1.6,1.6,1.6,1.6,1.6,1.6,1.6,1.6,1.6,1.6,1.6,1.6,1.6,1.6,1.6,1.6,1.6,1.6,1.6,
500,2004-02-12,122.6,122.6,137.25,122.6,122.6,1.6,180.641,1.6,1.6,181.263,1.6,1.6,180.61,1.6,1.6,1.6,1.6,1.6,1.6,1.6,1.6,1.6,1.6,1.6,1.6,1.6,1.6,1.6,1.6,1.6,1.6,1.6,
501,2004-02-13,122.6,122.6,137.25,122.6,122.6,1.6,180.641,1.6,1.6,181.263,1.6,1.6,180.61,1.6,1.6,1.6,1.6,1.6,1.6,1.6,1.6,1.6,1.6,1.6,1.6,1.6,1.6,1.6,1.6,1.6,1.6,1.6,
502,2004-02-14,124.2,124.2,138.85,124.2,124.2,1.6,181.641,1.6,1.6,182.263,1.6,1.6,181.61,1.6,1.6,1.6,1.6,1.6,1.6,1.6,1.6,1.6,1.6,1.6,1.6,1.6,1.6,1.6,1.6,1.6,1.6,1.6,
503,2004-02-15,124.2,124.2,138.85,124.2,124.2,1.6,181.641,1.6,1.6,182.263,1.6,1.6,181.61,1.6,1.6,1.6,1.6,1.6,1.6,1.6,1.6,1.6,1.6,1.6,1.6,1.6,1.6,1.6,1.6,1.6,1.6,1.6,
504,2004-02-16,124.2,124.2,138.85,124.2,124.2,1.6,181.641,1.6,1.6,182.263,1.6,1.6,181.61,1.6,1.6,1.6,1.6,1.6,1.6,1.6,1.6,1.6,1.6,1.6,1.6,1.6,1.6,1.6,1.6,1.6,1.6,1.6,
505,2004-02-17,124.2,124.2,138.85,124.2,124.2,1.6,181.641,1.6,1.6,182.263,1.6,1.6,181.61,1.6,1.6,1.6,1.6,1.6,1.6,1.6,1.6,1.6,1.6,1.6,1.6,1.6,1.6,1.6,1.6,1.6,1.6,1.6,
506,2004-02-18,124.2,124.2,138.85,124.2,124.2,1.6,181.641,1.6,1.6,182.263,1.6,1.6,181.61,1.6,1.6,1.6,1.6,1.6,1.6,1.6,1.6,1.6,1.6,1.6,1.6,1.6,1.6,1.6,1.6,1.6,1.6,1.6,
507,2004-02-19,124.6,124.6,139.25,124.6,124.6,1.6,182.041,1.6,1.6,182.663,1.6,1.6,182.01,1.6,1.6,1.6,1.6,1.6,1.6,1.6,1.6,1.6,1.6,1.6,1.6,1.6,1.6,1.6,1.6,1.6,1.6,1.6,
508,2004-02-20,130.568,130.568,145.218,130.568,130.568,0.761524,178.097,0.763979,1.23508,180.834,1.23519,0.779615,177.96,0.771514,0.76661,0.776112,0.79019,1.23441,1.23325,1.23511,0.760892,0.797441,0.779729,0.727204,0.770147,0.761359,0.845076,1.23452,0.76771,0.762565,0.820801,0.73126,
509,2004-02-21,133.6,133.6,148.25,133.6,133.6,0.761524,181.347,0.763979,1.23508,184.084,1.23519,0.779615,181.21,0.771514,0.76661,0.776112,0.79019,1.23441,1.23325,1.23511,0.760892,0.797441,0.779729,0.727204,0.770147,0.761359,0.845076,1.23452,0.76771,0.762565,0.820801,0.73126,
510,2004-02-22,133.6,133.6,148.25,133.6,133.6,0.961524,182.597,0.963979,1.43508,185.334,1.43519,0.979615,182.46,0.971514,0.96661,0.976112,0.99019,1.43441,1.43325,1.43511,0.960892,0.997441,0.979729,0.927204,0.970147,0.961359,1.04508,1.43452,0.96771,0.962565,1.0208,0.93126,
511,2004-02-23,134.8,134.8,149.45,134.8,134.8,1.16152,186.847,1.16398,1.63508,189.584,1.63519,1.17961,186.71,1.17151,1.16661,1.17611,1.19019,1.63441,1.63325,1.63511,1.16089,1.19744,1.17973,1.1272,1.17015,1.16136,1.24508,1.63452,1.16771,1.16257,1.2208,1.13126,
512,2004-02-24,134.8,134.8,149.45,134.8,134.8,1.36152,189.597,1.36398,1.83508,192.334,1.83519,1.37961,189.46,1.37151,1.36661,1.37611,1.39019,1.83441,1.83325,1.83511,1.36089,1.39744,1.37973,1.3272,1.37015,1.36136,1.44508,1.83452,1.36771,1.36257,1.4208,1.33126,
513,2004-02-25,134.8,134.8,149.45,134.8,134.8,1.36152,190.002,1.36398,1.83508,192.876,1.83519,1.37961,189.858,1.37151,1.36661,1.37611,1.39019,1.83441,1.83325,1.83511,1.36089,1.39744,1.37973,1.3272,1.37015,1.36136,1.44508,1.83452,1.36771,1.36257,1.4208,1.33126,
514,2004-02-26,134.8,134.8,149.45,134.8,134.8,1.36152,190.002,1.36398,1.83508,192.876,1.83519,1.37961,189.858,1.37151,1.36661,1.37611,1.39019,1.83441,1.83325,1.83511,1.36089,1.39744,1.37973,1.3272,1.37015,1.36136,1.44508,1.83452,1.36771,1.36257,1.4208,1.33126,
515,2004-02-27,134.8,134.8,149.45,134.8,134.8,1.36152,190.002,1.36398,1.83508,192.876,1.83519,1.37961,189.858,1.37151,1.36661,1.37611,1.39019,1.83441,1.83325,1.83511,1.36089,1.39744,1.37973,1.3272,1.37015,1.36136,1.44508,1.83452,1.36771,1.36257,1.4208,1.33126,
516,2004-02-28,134.8,134.8,149.45,134.8,134.8,1.36152,190.002,1.36398,1.83508,192.876,1.83519,1.37961,189.858,1.37151,1.36661,1.37611,1.39019,1.83441,1.83325,1.83511,1.36089,1.39744,1.37973,1.3272,1.37015,1.36136,1.44508,1.83452,1.36771,1.36257,1.4208,1.33126,
517,2004-02-29,127.311,127.306,146.209,127.325,127.312,0,184.364,0,0,190.262,0,0,184.068,0,0,0,0,0,0,0,0,0,0,0,0,0,0,0,0,0,0,0,
518,2004-03-01,122.029,122.019,143.922,122.052,122.03,0,175.13,0,0,185.982,0,0,174.586,0,0,0,0,0,0,0,0,0,0,0,0,0,0,0,0,0,0,0,
519,2004-03-02,109.099,109.081,138.325,109.146,109.102,0,160.098,0,0,179.013,0,0,159.149,0,0,0,0,0,0,0,0,0,0,0,0,0,0,0,0,0,0,0,
520,2004-03-03,104.5,104.479,136.335,104.556,104.504,0,153.606,0,0,176.004,0,0,152.482,0,0,0,0,0,0,0,0,0,0,0,0,0,0,0,0,0,0,0,
521,2004-03-04,99.0934,99.0679,133.994,99.1587,99.098,0,144.882,0,0,171.96,0,0,143.524,0,0,0,0,0,0,0,0,0,0,0,0,0,0,0,0,0,0,0,
522,2004-03-05,74.9636,74.9209,123.55,75.073,74.9714,0,119.974,0,0,160.413,0,0,117.946,0,0,0,0,0,0,0,0,0,0,0,0,0,0,0,0,0,0,0,
523,2004-03-06,76.4636,76.4209,125.05,76.573,76.4714,0,119.974,0,0,160.413,0,0,117.946,0,0,0,0,0,0,0,0,0,0,0,0,0,0,0,0,0,0,0,
524,2004-03-07,85.2636,85.2209,133.85,85.373,85.2714,3.25537,119.514,3.25537,3.25537,160.352,3.25537,3.25537,117.465,3.25537,3.25537,3.25537,3.25537,3.25537,3.25537,3.25537,3.25537,3.25537,3.25537,3.25537,3.25537,3.25537,3.25537,3.25537,3.25537,3.25537,3.25537,3.25537,
525,2004-03-08,86.5118,86.467,136.1,86.6266,86.52,5.25537,121.514,5.25537,5.25537,162.352,5.25537,5.25537,119.465,5.25537,5.25537,5.25537,5.25537,5.25537,5.25537,5.25537,5.25537,5.25537,5.25537,5.25537,5.25537,5.25537,5.25537,5.25537,5.25537,5.25537,5.25537,5.25537,
526,2004-03-09,86.5118,86.467,137.527,86.6266,86.52,7.25537,125.49,7.25537,7.25537,166.352,7.25537,7.25537,123.339,7.25537,7.25537,7.25537,7.25537,7.25537,7.25537,7.25537,7.25537,7.25537,7.25537,7.25537,7.25537,7.25537,7.25537,7.25537,7.25537,7.25537,7.25537,7.25537,
527,2004-03-10,86.5118,86.467,137.527,86.6266,86.52,7.25537,125.49,7.25537,7.25537,167.102,7.25537,7.25537,123.339,7.25537,7.25537,7.25537,7.25537,7.25537,7.25537,7.25537,7.25537,7.25537,7.25537,7.25537,7.25537,7.25537,7.25537,7.25537,7.25537,7.25537,7.25537,7.25537,
528,2004-03-11,91.9118,91.867,142.927,92.0266,91.92,8.04015,120.889,8.04015,8.04015,164.969,8.04015,8.04015,118.614,8.04015,8.04015,8.04015,8.04015,8.04015,8.04015,8.04015,8.04015,8.04015,8.04015,8.04015,8.04015,8.04015,8.04015,8.04015,8.04015,8.04015,8.04015,8.04015,
529,2004-03-12,95.5118,95.467,146.527,95.6266,95.52,8.40292,131.889,8.40292,8.40292,177.219,8.40292,8.40292,129.614,8.40292,8.40292,8.40292,8.40292,8.40292,8.40292,8.40292,8.40292,8.40292,8.40292,8.40292,8.40292,8.40292,8.40292,8.40292,8.40292,8.40292,8.40292,8.40292,
530,2004-03-13,95.5118,95.467,146.527,95.6266,95.52,8.40292,131.889,8.40292,8.40292,177.236,8.40292,8.40292,129.614,8.40292,8.40292,8.40292,8.40292,8.40292,8.40292,8.40292,8.40292,8.40292,8.40292,8.40292,8.40292,8.40292,8.40292,8.40292,8.40292,8.40292,8.40292,8.40292,
531,2004-03-14,97.1118,97.067,148.127,97.2266,97.12,11.4029,131.889,11.4029,11.4029,177.236,11.4029,11.4029,129.614,11.4029,11.4029,11.4029,11.4029,11.4029,11.4029,11.4029,11.4029,11.4029,11.4029,11.4029,11.4029,11.4029,11.4029,11.4029,11.4029,11.4029,11.4029,11.4029,
532,2004-03-15,97.1118,97.067,148.127,97.2266,97.12,11.4029,131.889,11.4029,11.4029,177.236,11.4029,11.4029,129.614,11.4029,11.4029,11.4029,11.4029,11.4029,11.4029,11.4029,11.4029,11.4029,11.4029,11.4029,11.4029,11.4029,11.4029,11.4029,11.4029,11.4029,11.4029,11.4029,
533,2004-03-16,101.112,101.067,152.127,101.227,101.12,11.4029,140.889,11.4029,11.4029,186.236,11.4029,11.4029,138.614,11.4029,11.4029,11.4029,11.4029,11.4029,11.4029,11.4029,11.4029,11.4029,11.4029,11.4029,11.4029,11.4029,11.4029,11.4029,11.4029,11.4029,11.4029,11.4029,
534,2004-03-17,101.712,101.667,152.727,101.827,101.72,12.2029,140.889,12.2029,12.2029,186.236,12.2029,12.2029,138.614,12.2029,12.2029,12.2029,12.2029,12.2029,12.2029,12.2029,12.2029,12.2029,12.2029,12.2029,12.2029,12.2029,12.2029,12.2029,12.2029,12.2029,12.2029,12.2029,
535,2004-03-18,101.712,101.667,152.727,101.827,101.72,12.2029,140.889,12.2029,12.2029,186.236,12.2029,12.2029,138.614,12.2029,12.2029,12.2029,12.2029,12.2029,12.2029,12.2029,12.2029,12.2029,12.2029,12.2029,12.2029,12.2029,12.2029,12.2029,12.2029,12.2029,12.2029,12.2029,
536,2004-03-19,102.512,102.467,153.527,102.627,102.52,12.2029,141.489,12.2029,12.2029,186.836,12.2029,12.2029,139.214,12.2029,12.2029,12.2029,12.2029,12.2029,12.2029,12.2029,12.2029,12.2029,12.2029,12.2029,12.2029,12.2029,12.2029,12.2029,12.2029,12.2029,12.2029,12.2029,
537,2004-03-20,98.1585,98.1105,151.643,98.2812,98.1672,4.67619,132.475,4.69823,8.92714,182.658,8.92815,4.83859,129.957,4.76587,4.72185,4.80714,4.93352,8.92112,8.91075,8.92741,4.67052,4.99861,4.83961,4.36811,4.7536,4.67471,5.42621,8.92212,4.73172,4.68554,5.20831,4.40452,
538,2004-03-21,103.266,103.216,158.093,103.395,103.276,4.91,135.875,4.93315,9.37349,186.058,9.37455,5.08052,133.357,5.00416,4.95794,5.0475,5.18019,9.36718,9.35628,9.37378,4.90404,5.24854,5.08159,4.58652,4.99128,4.90845,5.69752,9.36822,4.9683,4.91982,5.46872,4.62475,
539,2004-03-22,104.266,104.216,160.425,104.395,104.276,4.91,135.875,4.93315,9.37349,186.058,9.37455,5.08052,133.357,5.00416,4.95794,5.0475,5.18019,9.36718,9.35628,9.37378,4.90404,5.24854,5.08159,4.58652,4.99128,4.90845,5.69752,9.36822,4.9683,4.91982,5.46872,4.62475,
540,2004-03-23,108.666,108.616,164.825,108.795,108.676,5.31,137.875,5.33315,9.77349,188.058,9.77455,5.48052,135.357,5.40416,5.35794,5.4475,5.58019,9.76718,9.75628,9.77378,5.30404,5.64854,5.48159,4.98652,5.39128,5.30845,6.09752,9.76822,5.3683,5.31982,5.86872,5.02475,
541,2004-03-24,102.397,102.342,162.111,102.537,102.407,0,126.073,0,6.42704,182.587,6.42913,0,123.238,0,0,0,0,6.41457,6.39308,6.4276,0,0,0,0,0,0,0,6.41664,0,0,0,0,
542,2004-03-25,71.7312,71.6545,148.837,71.9276,71.7452,0,91.2698,0,0,166.453,0,0,87.4982,0,0,0,0,0,0,0,0,0,0,0,0,0,0,0,0,0,0,0,
543,2004-03-26,32.6801,32.5755,131.934,32.9479,32.6991,0,49.3879,0,0,147.038,0,0,44.4893,0,0,0,0,0,0,0,0,0,0,0,0,0,0,0,0,0,0,0,
544,2004-03-27,4.33379,4.20892,119.664,4.65334,4.35645,0,18.4064,0,0,132.675,0,0,12.6741,0,0,0,0,0,0,0,0,0,0,0,0,0,0,0,0,0,0,0,
545,2004-03-28,0,0,108.506,0,0,0,0,0,0,119.822,0,0,0,0,0,0,0,0,0,0,0,0,0,0,0,0,0,0,0,0,0,0,
546,2004-03-29,0,0,94.8656,0,0,0,0,0,0,102.838,0,0,0,0,0,0,0,0,0,0,0,0,0,0,0,0,0,0,0,0,0,0,
547,2004-03-30,0,0,85.1727,0,0,0,0,0,0,91.8468,0,0,0,0,0,0,0,0,0,0,0,0,0,0,0,0,0,0,0,0,0,0,
548,2004-03-31,0,0,78.668,0,0,0,0,0,0,84.0609,0,0,0,0,0,0,0,0,0,0,0,0,0,0,0,0,0,0,0,0,0,0,
549,2004-04-01,0,0,74.1666,0,0,0,0,0,0,78.2863,0,0,0,0,0,0,0,0,0,0,0,0,0,0,0,0,0,0,0,0,0,0,
550,2004-04-02,0,0,65.1052,0,0,0,0,0,0,69.1528,0,0,0,0,0,0,0,0,0,0,0,0,0,0,0,0,0,0,0,0,0,0,
551,2004-04-03,0,0,56.4001,0,0,0,0,0,0,61.6318,0,0,0,0,0,0,0,0,0,0,0,0,0,0,0,0,0,0,0,0,0,0,
552,2004-04-04,0,0,59.2201,0,0,1,0,1,1,64.3818,1,1,0,1,1,1,1,1,1,1,1,1,1,1,1,1,1,1,1,1,1,1,
553,2004-04-05,0,0,59.2201,0,0,1,0,1,1,64.7134,1,1,0,1,1,1,1,1,1,1,1,1,1,1,1,1,1,1,1,1,1,1,
554,2004-04-06,2.6,2.6,61.8201,2.6,2.6,2.6,1.30559,2.6,2.6,66.019,2.6,2.6,1.30559,2.6,2.6,2.6,2.6,2.6,2.6,2.6,2.6,2.6,2.6,2.6,2.6,2.6,2.6,2.6,2.6,2.6,2.6,2.6,
555,2004-04-07,0,0,55.0194,0,0,0,0,0,0,60.4495,0,0,0,0,0,0,0,0,0,0,0,0,0,0,0,0,0,0,0,0,0,0,
556,2004-04-08,0,0,46.4665,0,0,0,0,0,0,50.9664,0,0,0,0,0,0,0,0,0,0,0,0,0,0,0,0,0,0,0,0,0,0,
557,2004-04-09,0,0,40.4433,0,0,0,0,0,0,44.8953,0,0,0,0,0,0,0,0,0,0,0,0,0,0,0,0,0,0,0,0,0,0,
558,2004-04-10,0,0,35.6826,0,0,0,0,0,0,40.5329,0,0,0,0,0,0,0,0,0,0,0,0,0,0,0,0,0,0,0,0,0,0,
559,2004-04-11,0,0,31.7644,0,0,0,0,0,0,36.1447,0,0,0,0,0,0,0,0,0,0,0,0,0,0,0,0,0,0,0,0,0,0,
560,2004-04-12,0,0,23.8823,0,0,0,0,0,0,28.6413,0,0,0,0,0,0,0,0,0,0,0,0,0,0,0,0,0,0,0,0,0,0,
561,2004-04-13,0,0,20.359,0,0,0,0,0,0,24.2021,0,0,0,0,0,0,0,0,0,0,0,0,0,0,0,0,0,0,0,0,0,0,
562,2004-04-14,0,0,10.6146,0,0,0,0,0,0,14.3802,0,0,0,0,0,0,0,0,0,0,0,0,0,0,0,0,0,0,0,0,0,0,
563,2004-04-15,0,0,0.370161,0,0,0,0,0,0,4.95213,0,0,0,0,0,0,0,0,0,0,0,0,0,0,0,0,0,0,0,0,0,0,
564,2004-04-16,0,0,0,0,0,0,0,0,0,0,0,0,0,0,0,0,0,0,0,0,0,0,0,0,0,0,0,0,0,0,0,0,
565,2004-04-17,0,0,0,0,0,0,0,0,0,0,0,0,0,0,0,0,0,0,0,0,0,0,0,0,0,0,0,0,0,0,0,0,
566,2004-04-18,0,0,0,0,0,0,0,0,0,0,0,0,0,0,0,0,0,0,0,0,0,0,0,0,0,0,0,0,0,0,0,0,
567,2004-04-19,0,0,0,0,0,0,0,0,0,0,0,0,0,0,0,0,0,0,0,0,0,0,0,0,0,0,0,0,0,0,0,0,
568,2004-04-20,0,0,0,0,0,0,0,0,0,0,0,0,0,0,0,0,0,0,0,0,0,0,0,0,0,0,0,0,0,0,0,0,
569,2004-04-21,0,0,0,0,0,0,0,0,0,0,0,0,0,0,0,0,0,0,0,0,0,0,0,0,0,0,0,0,0,0,0,0,
570,2004-04-22,0,0,0,0,0,0,0,0,0,0,0,0,0,0,0,0,0,0,0,0,0,0,0,0,0,0,0,0,0,0,0,0,
571,2004-04-23,0,0,0,0,0,0,0,0,0,0,0,0,0,0,0,0,0,0,0,0,0,0,0,0,0,0,0,0,0,0,0,0,
572,2004-04-24,0,0,0,0,0,0,0,0,0,0,0,0,0,0,0,0,0,0,0,0,0,0,0,0,0,0,0,0,0,0,0,0,
573,2004-04-25,0,0,0,0,0,0,0,0,0,0,0,0,0,0,0,0,0,0,0,0,0,0,0,0,0,0,0,0,0,0,0,0,
574,2004-04-26,0,0,0,0,0,0,0,0,0,0,0,0,0,0,0,0,0,0,0,0,0,0,0,0,0,0,0,0,0,0,0,0,
575,2004-04-27,0,0,0,0,0,0,0,0,0,0,0,0,0,0,0,0,0,0,0,0,0,0,0,0,0,0,0,0,0,0,0,0,
576,2004-04-28,0,0,0,0,0,0,0,0,0,0,0,0,0,0,0,0,0,0,0,0,0,0,0,0,0,0,0,0,0,0,0,0,
577,2004-04-29,0,0,0,0,0,0,0,0,0,0,0,0,0,0,0,0,0,0,0,0,0,0,0,0,0,0,0,0,0,0,0,0,
578,2004-04-30,0,0,0,0,0,0,0,0,0,0,0,0,0,0,0,0,0,0,0,0,0,0,0,0,0,0,0,0,0,0,0,0,
579,2004-05-01,0,0,0,0,0,0,0,0,0,0,0,0,0,0,0,0,0,0,0,0,0,0,0,0,0,0,0,0,0,0,0,0,
580,2004-05-02,0,0,0,0,0,0,0,0,0,0,0,0,0,0,0,0,0,0,0,0,0,0,0,0,0,0,0,0,0,0,0,0,
581,2004-05-03,0,0,0,0,0,0,0,0,0,0,0,0,0,0,0,0,0,0,0,0,0,0,0,0,0,0,0,0,0,0,0,0,
582,2004-05-04,0,0,0,0,0,0,0,0,0,0,0,0,0,0,0,0,0,0,0,0,0,0,0,0,0,0,0,0,0,0,0,0,
583,2004-05-05,0,0,0,0,0,0,0,0,0,0,0,0,0,0,0,0,0,0,0,0,0,0,0,0,0,0,0,0,0,0,0,0,
584,2004-05-06,0,0,0,0,0,0,0,0,0,0,0,0,0,0,0,0,0,0,0,0,0,0,0,0,0,0,0,0,0,0,0,0,
585,2004-05-07,0,0,0,0,0,0,0,0,0,0,0,0,0,0,0,0,0,0,0,0,0,0,0,0,0,0,0,0,0,0,0,0,
586,2004-05-08,0,0,0,0,0,0,0,0,0,0,0,0,0,0,0,0,0,0,0,0,0,0,0,0,0,0,0,0,0,0,0,0,
587,2004-05-09,0,0,0,0,0,0,0,0,0,0,0,0,0,0,0,0,0,0,0,0,0,0,0,0,0,0,0,0,0,0,0,0,
588,2004-05-10,0,0,0,0,0,0,0,0,0,0,0,0,0,0,0,0,0,0,0,0,0,0,0,0,0,0,0,0,0,0,0,0,
589,2004-05-11,0,0,0,0,0,0,0,0,0,0,0,0,0,0,0,0,0,0,0,0,0,0,0,0,0,0,0,0,0,0,0,0,
590,2004-05-12,0,0,0,0,0,0,0,0,0,0,0,0,0,0,0,0,0,0,0,0,0,0,0,0,0,0,0,0,0,0,0,0,
591,2004-05-13,0,0,0,0,0,0,0,0,0,0,0,0,0,0,0,0,0,0,0,0,0,0,0,0,0,0,0,0,0,0,0,0,
592,2004-05-14,0,0,0,0,0,0,0,0,0,0,0,0,0,0,0,0,0,0,0,0,0,0,0,0,0,0,0,0,0,0,0,0,
593,2004-05-15,0,0,0,0,0,0,0,0,0,0,0,0,0,0,0,0,0,0,0,0,0,0,0,0,0,0,0,0,0,0,0,0,
594,2004-05-16,0,0,0,0,0,0,0,0,0,0,0,0,0,0,0,0,0,0,0,0,0,0,0,0,0,0,0,0,0,0,0,0,
595,2004-05-17,0,0,0,0,0,0,0,0,0,0,0,0,0,0,0,0,0,0,0,0,0,0,0,0,0,0,0,0,0,0,0,0,
596,2004-05-18,0,0,0,0,0,0,0,0,0,0,0,0,0,0,0,0,0,0,0,0,0,0,0,0,0,0,0,0,0,0,0,0,
597,2004-05-19,0,0,0,0,0,0,0,0,0,0,0,0,0,0,0,0,0,0,0,0,0,0,0,0,0,0,0,0,0,0,0,0,
598,2004-05-20,0,0,0,0,0,0,0,0,0,0,0,0,0,0,0,0,0,0,0,0,0,0,0,0,0,0,0,0,0,0,0,0,
599,2004-05-21,0,0,0,0,0,0,0,0,0,0,0,0,0,0,0,0,0,0,0,0,0,0,0,0,0,0,0,0,0,0,0,0,
600,2004-05-22,0,0,0,0,0,0,0,0,0,0,0,0,0,0,0,0,0,0,0,0,0,0,0,0,0,0,0,0,0,0,0,0,
601,2004-05-23,0,0,0,0,0,0,0,0,0,0,0,0,0,0,0,0,0,0,0,0,0,0,0,0,0,0,0,0,0,0,0,0,
602,2004-05-24,0,0,0,0,0,0,0,0,0,0,0,0,0,0,0,0,0,0,0,0,0,0,0,0,0,0,0,0,0,0,0,0,
603,2004-05-25,0,0,0,0,0,0,0,0,0,0,0,0,0,0,0,0,0,0,0,0,0,0,0,0,0,0,0,0,0,0,0,0,
604,2004-05-26,0,0,0,0,0,0,0,0,0,0,0,0,0,0,0,0,0,0,0,0,0,0,0,0,0,0,0,0,0,0,0,0,
605,2004-05-27,0,0,0,0,0,0,0,0,0,0,0,0,0,0,0,0,0,0,0,0,0,0,0,0,0,0,0,0,0,0,0,0,
606,2004-05-28,0,0,0,0,0,0,0,0,0,0,0,0,0,0,0,0,0,0,0,0,0,0,0,0,0,0,0,0,0,0,0,0,
607,2004-05-29,0,0,0,0,0,0,0,0,0,0,0,0,0,0,0,0,0,0,0,0,0,0,0,0,0,0,0,0,0,0,0,0,
608,2004-05-30,0,0,0,0,0,0,0,0,0,0,0,0,0,0,0,0,0,0,0,0,0,0,0,0,0,0,0,0,0,0,0,0,
609,2004-05-31,0,0,0,0,0,0,0,0,0,0,0,0,0,0,0,0,0,0,0,0,0,0,0,0,0,0,0,0,0,0,0,0,
610,2004-06-01,0,0,0,0,0,0,0,0,0,0,0,0,0,0,0,0,0,0,0,0,0,0,0,0,0,0,0,0,0,0,0,0,
611,2004-06-02,0,0,0,0,0,0,0,0,0,0,0,0,0,0,0,0,0,0,0,0,0,0,0,0,0,0,0,0,0,0,0,0,
612,2004-06-03,0,0,0,0,0,0,0,0,0,0,0,0,0,0,0,0,0,0,0,0,0,0,0,0,0,0,0,0,0,0,0,0,
613,2004-06-04,0,0,0,0,0,0,0,0,0,0,0,0,0,0,0,0,0,0,0,0,0,0,0,0,0,0,0,0,0,0,0,0,
614,2004-06-05,0,0,0,0,0,0,0,0,0,0,0,0,0,0,0,0,0,0,0,0,0,0,0,0,0,0,0,0,0,0,0,0,
615,2004-06-06,0,0,0,0,0,0,0,0,0,0,0,0,0,0,0,0,0,0,0,0,0,0,0,0,0,0,0,0,0,0,0,0,
616,2004-06-07,0,0,0,0,0,0,0,0,0,0,0,0,0,0,0,0,0,0,0,0,0,0,0,0,0,0,0,0,0,0,0,0,
617,2004-06-08,0,0,0,0,0,0,0,0,0,0,0,0,0,0,0,0,0,0,0,0,0,0,0,0,0,0,0,0,0,0,0,0,
618,2004-06-09,0,0,0,0,0,0,0,0,0,0,0,0,0,0,0,0,0,0,0,0,0,0,0,0,0,0,0,0,0,0,0,0,
619,2004-06-10,0,0,0,0,0,0,0,0,0,0,0,0,0,0,0,0,0,0,0,0,0,0,0,0,0,0,0,0,0,0,0,0,
620,2004-06-11,0,0,0,0,0,0,0,0,0,0,0,0,0,0,0,0,0,0,0,0,0,0,0,0,0,0,0,0,0,0,0,0,
621,2004-06-12,0,0,0,0,0,0,0,0,0,0,0,0,0,0,0,0,0,0,0,0,0,0,0,0,0,0,0,0,0,0,0,0,
622,2004-06-13,0,0,0,0,0,0,0,0,0,0,0,0,0,0,0,0,0,0,0,0,0,0,0,0,0,0,0,0,0,0,0,0,
623,2004-06-14,0,0,0,0,0,0,0,0,0,0,0,0,0,0,0,0,0,0,0,0,0,0,0,0,0,0,0,0,0,0,0,0,
624,2004-06-15,0,0,0,0,0,0,0,0,0,0,0,0,0,0,0,0,0,0,0,0,0,0,0,0,0,0,0,0,0,0,0,0,
625,2004-06-16,0,0,0,0,0,0,0,0,0,0,0,0,0,0,0,0,0,0,0,0,0,0,0,0,0,0,0,0,0,0,0,0,
626,2004-06-17,0,0,0,0,0,0,0,0,0,0,0,0,0,0,0,0,0,0,0,0,0,0,0,0,0,0,0,0,0,0,0,0,
627,2004-06-18,0,0,0,0,0,0,0,0,0,0,0,0,0,0,0,0,0,0,0,0,0,0,0,0,0,0,0,0,0,0,0,0,
628,2004-06-19,0,0,0,0,0,0,0,0,0,0,0,0,0,0,0,0,0,0,0,0,0,0,0,0,0,0,0,0,0,0,0,0,
629,2004-06-20,0,0,0,0,0,0,0,0,0,0,0,0,0,0,0,0,0,0,0,0,0,0,0,0,0,0,0,0,0,0,0,0,
630,2004-06-21,0,0,0,0,0,0,0,0,0,0,0,0,0,0,0,0,0,0,0,0,0,0,0,0,0,0,0,0,0,0,0,0,
631,2004-06-22,0,0,0,0,0,0,0,0,0,0,0,0,0,0,0,0,0,0,0,0,0,0,0,0,0,0,0,0,0,0,0,0,
632,2004-06-23,0,0,0,0,0,0,0,0,0,0,0,0,0,0,0,0,0,0,0,0,0,0,0,0,0,0,0,0,0,0,0,0,
633,2004-06-24,0,0,0,0,0,0,0,0,0,0,0,0,0,0,0,0,0,0,0,0,0,0,0,0,0,0,0,0,0,0,0,0,
634,2004-06-25,0,0,0,0,0,0,0,0,0,0,0,0,0,0,0,0,0,0,0,0,0,0,0,0,0,0,0,0,0,0,0,0,
635,2004-06-26,0,0,0,0,0,0,0,0,0,0,0,0,0,0,0,0,0,0,0,0,0,0,0,0,0,0,0,0,0,0,0,0,
636,2004-06-27,0,0,0,0,0,0,0,0,0,0,0,0,0,0,0,0,0,0,0,0,0,0,0,0,0,0,0,0,0,0,0,0,
637,2004-06-28,0,0,0,0,0,0,0,0,0,0,0,0,0,0,0,0,0,0,0,0,0,0,0,0,0,0,0,0,0,0,0,0,
638,2004-06-29,0,0,0,0,0,0,0,0,0,0,0,0,0,0,0,0,0,0,0,0,0,0,0,0,0,0,0,0,0,0,0,0,
639,2004-06-30,0,0,0,0,0,0,0,0,0,0,0,0,0,0,0,0,0,0,0,0,0,0,0,0,0,0,0,0,0,0,0,0,
640,2004-07-01,0,0,0,0,0,0,0,0,0,0,0,0,0,0,0,0,0,0,0,0,0,0,0,0,0,0,0,0,0,0,0,0,
641,2004-07-02,0,0,0,0,0,0,0,0,0,0,0,0,0,0,0,0,0,0,0,0,0,0,0,0,0,0,0,0,0,0,0,0,
642,2004-07-03,0,0,0,0,0,0,0,0,0,0,0,0,0,0,0,0,0,0,0,0,0,0,0,0,0,0,0,0,0,0,0,0,
643,2004-07-04,0,0,0,0,0,0,0,0,0,0,0,0,0,0,0,0,0,0,0,0,0,0,0,0,0,0,0,0,0,0,0,0,
644,2004-07-05,0,0,0,0,0,0,0,0,0,0,0,0,0,0,0,0,0,0,0,0,0,0,0,0,0,0,0,0,0,0,0,0,
645,2004-07-06,0,0,0,0,0,0,0,0,0,0,0,0,0,0,0,0,0,0,0,0,0,0,0,0,0,0,0,0,0,0,0,0,
646,2004-07-07,0,0,0,0,0,0,0,0,0,0,0,0,0,0,0,0,0,0,0,0,0,0,0,0,0,0,0,0,0,0,0,0,
647,2004-07-08,0,0,0,0,0,0,0,0,0,0,0,0,0,0,0,0,0,0,0,0,0,0,0,0,0,0,0,0,0,0,0,0,
648,2004-07-09,0,0,0,0,0,0,0,0,0,0,0,0,0,0,0,0,0,0,0,0,0,0,0,0,0,0,0,0,0,0,0,0,
649,2004-07-10,0,0,0,0,0,0,0,0,0,0,0,0,0,0,0,0,0,0,0,0,0,0,0,0,0,0,0,0,0,0,0,0,
650,2004-07-11,0,0,0,0,0,0,0,0,0,0,0,0,0,0,0,0,0,0,0,0,0,0,0,0,0,0,0,0,0,0,0,0,
651,2004-07-12,0,0,0,0,0,0,0,0,0,0,0,0,0,0,0,0,0,0,0,0,0,0,0,0,0,0,0,0,0,0,0,0,
652,2004-07-13,0,0,0,0,0,0,0,0,0,0,0,0,0,0,0,0,0,0,0,0,0,0,0,0,0,0,0,0,0,0,0,0,
653,2004-07-14,0,0,0,0,0,0,0,0,0,0,0,0,0,0,0,0,0,0,0,0,0,0,0,0,0,0,0,0,0,0,0,0,
654,2004-07-15,0,0,0,0,0,0,0,0,0,0,0,0,0,0,0,0,0,0,0,0,0,0,0,0,0,0,0,0,0,0,0,0,
655,2004-07-16,0,0,0,0,0,0,0,0,0,0,0,0,0,0,0,0,0,0,0,0,0,0,0,0,0,0,0,0,0,0,0,0,
656,2004-07-17,0,0,0,0,0,0,0,0,0,0,0,0,0,0,0,0,0,0,0,0,0,0,0,0,0,0,0,0,0,0,0,0,
657,2004-07-18,0,0,0,0,0,0,0,0,0,0,0,0,0,0,0,0,0,0,0,0,0,0,0,0,0,0,0,0,0,0,0,0,
658,2004-07-19,0,0,0,0,0,0,0,0,0,0,0,0,0,0,0,0,0,0,0,0,0,0,0,0,0,0,0,0,0,0,0,0,
659,2004-07-20,0,0,0,0,0,0,0,0,0,0,0,0,0,0,0,0,0,0,0,0,0,0,0,0,0,0,0,0,0,0,0,0,
660,2004-07-21,0,0,0,0,0,0,0,0,0,0,0,0,0,0,0,0,0,0,0,0,0,0,0,0,0,0,0,0,0,0,0,0,
661,2004-07-22,0,0,0,0,0,0,0,0,0,0,0,0,0,0,0,0,0,0,0,0,0,0,0,0,0,0,0,0,0,0,0,0,
662,2004-07-23,0,0,0,0,0,0,0,0,0,0,0,0,0,0,0,0,0,0,0,0,0,0,0,0,0,0,0,0,0,0,0,0,
663,2004-07-24,0,0,0,0,0,0,0,0,0,0,0,0,0,0,0,0,0,0,0,0,0,0,0,0,0,0,0,0,0,0,0,0,
664,2004-07-25,0,0,0,0,0,0,0,0,0,0,0,0,0,0,0,0,0,0,0,0,0,0,0,0,0,0,0,0,0,0,0,0,
665,2004-07-26,0,0,0,0,0,0,0,0,0,0,0,0,0,0,0,0,0,0,0,0,0,0,0,0,0,0,0,0,0,0,0,0,
666,2004-07-27,0,0,0,0,0,0,0,0,0,0,0,0,0,0,0,0,0,0,0,0,0,0,0,0,0,0,0,0,0,0,0,0,
667,2004-07-28,0,0,0,0,0,0,0,0,0,0,0,0,0,0,0,0,0,0,0,0,0,0,0,0,0,0,0,0,0,0,0,0,
668,2004-07-29,0,0,0,0,0,0,0,0,0,0,0,0,0,0,0,0,0,0,0,0,0,0,0,0,0,0,0,0,0,0,0,0,
669,2004-07-30,0,0,0,0,0,0,0,0,0,0,0,0,0,0,0,0,0,0,0,0,0,0,0,0,0,0,0,0,0,0,0,0,
670,2004-07-31,0,0,0,0,0,0,0,0,0,0,0,0,0,0,0,0,0,0,0,0,0,0,0,0,0,0,0,0,0,0,0,0,
671,2004-08-01,0,0,0,0,0,0,0,0,0,0,0,0,0,0,0,0,0,0,0,0,0,0,0,0,0,0,0,0,0,0,0,0,
672,2004-08-02,0,0,0,0,0,0,0,0,0,0,0,0,0,0,0,0,0,0,0,0,0,0,0,0,0,0,0,0,0,0,0,0,
673,2004-08-03,0,0,0,0,0,0,0,0,0,0,0,0,0,0,0,0,0,0,0,0,0,0,0,0,0,0,0,0,0,0,0,0,
674,2004-08-04,0,0,0,0,0,0,0,0,0,0,0,0,0,0,0,0,0,0,0,0,0,0,0,0,0,0,0,0,0,0,0,0,
675,2004-08-05,0,0,0,0,0,0,0,0,0,0,0,0,0,0,0,0,0,0,0,0,0,0,0,0,0,0,0,0,0,0,0,0,
676,2004-08-06,0,0,0,0,0,0,0,0,0,0,0,0,0,0,0,0,0,0,0,0,0,0,0,0,0,0,0,0,0,0,0,0,
677,2004-08-07,0,0,0,0,0,0,0,0,0,0,0,0,0,0,0,0,0,0,0,0,0,0,0,0,0,0,0,0,0,0,0,0,
678,2004-08-08,0,0,0,0,0,0,0,0,0,0,0,0,0,0,0,0,0,0,0,0,0,0,0,0,0,0,0,0,0,0,0,0,
679,2004-08-09,0,0,0,0,0,0,0,0,0,0,0,0,0,0,0,0,0,0,0,0,0,0,0,0,0,0,0,0,0,0,0,0,
680,2004-08-10,0,0,0,0,0,0,0,0,0,0,0,0,0,0,0,0,0,0,0,0,0,0,0,0,0,0,0,0,0,0,0,0,
681,2004-08-11,0,0,0,0,0,0,0,0,0,0,0,0,0,0,0,0,0,0,0,0,0,0,0,0,0,0,0,0,0,0,0,0,
682,2004-08-12,0,0,0,0,0,0,0,0,0,0,0,0,0,0,0,0,0,0,0,0,0,0,0,0,0,0,0,0,0,0,0,0,
683,2004-08-13,0,0,0,0,0,0,0,0,0,0,0,0,0,0,0,0,0,0,0,0,0,0,0,0,0,0,0,0,0,0,0,0,
684,2004-08-14,0,0,0,0,0,0,0,0,0,0,0,0,0,0,0,0,0,0,0,0,0,0,0,0,0,0,0,0,0,0,0,0,
685,2004-08-15,0,0,0,0,0,0,0,0,0,0,0,0,0,0,0,0,0,0,0,0,0,0,0,0,0,0,0,0,0,0,0,0,
686,2004-08-16,0,0,0,0,0,0,0,0,0,0,0,0,0,0,0,0,0,0,0,0,0,0,0,0,0,0,0,0,0,0,0,0,
687,2004-08-17,0,0,0,0,0,0,0,0,0,0,0,0,0,0,0,0,0,0,0,0,0,0,0,0,0,0,0,0,0,0,0,0,
688,2004-08-18,0,0,0,0,0,0,0,0,0,0,0,0,0,0,0,0,0,0,0,0,0,0,0,0,0,0,0,0,0,0,0,0,
689,2004-08-19,0,0,0,0,0,0,0,0,0,0,0,0,0,0,0,0,0,0,0,0,0,0,0,0,0,0,0,0,0,0,0,0,
690,2004-08-20,0,0,0,0,0,0,0,0,0,0,0,0,0,0,0,0,0,0,0,0,0,0,0,0,0,0,0,0,0,0,0,0,
691,2004-08-21,0,0,0,0,0,0,0,0,0,0,0,0,0,0,0,0,0,0,0,0,0,0,0,0,0,0,0,0,0,0,0,0,
692,2004-08-22,0,0,0,0,0,0,0,0,0,0,0,0,0,0,0,0,0,0,0,0,0,0,0,0,0,0,0,0,0,0,0,0,
693,2004-08-23,0,0,0,0,0,0,0,0,0,0,0,0,0,0,0,0,0,0,0,0,0,0,0,0,0,0,0,0,0,0,0,0,
694,2004-08-24,0,0,0,0,0,0,0,0,0,0,0,0,0,0,0,0,0,0,0,0,0,0,0,0,0,0,0,0,0,0,0,0,
695,2004-08-25,0,0,0,0,0,0,0,0,0,0,0,0,0,0,0,0,0,0,0,0,0,0,0,0,0,0,0,0,0,0,0,0,
696,2004-08-26,0,0,0,0,0,0,0,0,0,0,0,0,0,0,0,0,0,0,0,0,0,0,0,0,0,0,0,0,0,0,0,0,
697,2004-08-27,0,0,0,0,0,0,0,0,0,0,0,0,0,0,0,0,0,0,0,0,0,0,0,0,0,0,0,0,0,0,0,0,
698,2004-08-28,0,0,0,0,0,0,0,0,0,0,0,0,0,0,0,0,0,0,0,0,0,0,0,0,0,0,0,0,0,0,0,0,
699,2004-08-29,0,0,0,0,0,0,0,0,0,0,0,0,0,0,0,0,0,0,0,0,0,0,0,0,0,0,0,0,0,0,0,0,
700,2004-08-30,0,0,0,0,0,0,0,0,0,0,0,0,0,0,0,0,0,0,0,0,0,0,0,0,0,0,0,0,0,0,0,0,
701,2004-08-31,0,0,0,0,0,0,0,0,0,0,0,0,0,0,0,0,0,0,0,0,0,0,0,0,0,0,0,0,0,0,0,0,
702,2004-09-01,0,0,0,0,0,0,0,0,0,0,0,0,0,0,0,0,0,0,0,0,0,0,0,0,0,0,0,0,0,0,0,0,
703,2004-09-02,0,0,0,0,0,0,0,0,0,0,0,0,0,0,0,0,0,0,0,0,0,0,0,0,0,0,0,0,0,0,0,0,
704,2004-09-03,0,0,0,0,0,0,0,0,0,0,0,0,0,0,0,0,0,0,0,0,0,0,0,0,0,0,0,0,0,0,0,0,
705,2004-09-04,0,0,0,0,0,0,0,0,0,0,0,0,0,0,0,0,0,0,0,0,0,0,0,0,0,0,0,0,0,0,0,0,
706,2004-09-05,0,0,0,0,0,0,0,0,0,0,0,0,0,0,0,0,0,0,0,0,0,0,0,0,0,0,0,0,0,0,0,0,
707,2004-09-06,0,0,0,0,0,0,0,0,0,0,0,0,0,0,0,0,0,0,0,0,0,0,0,0,0,0,0,0,0,0,0,0,
708,2004-09-07,0,0,0,0,0,0,0,0,0,0,0,0,0,0,0,0,0,0,0,0,0,0,0,0,0,0,0,0,0,0,0,0,
709,2004-09-08,0,0,0,0,0,0,0,0,0,0,0,0,0,0,0,0,0,0,0,0,0,0,0,0,0,0,0,0,0,0,0,0,
710,2004-09-09,0,0,0,0,0,0,0,0,0,0,0,0,0,0,0,0,0,0,0,0,0,0,0,0,0,0,0,0,0,0,0,0,
711,2004-09-10,0,0,0,0,0,0,0,0,0,0,0,0,0,0,0,0,0,0,0,0,0,0,0,0,0,0,0,0,0,0,0,0,
712,2004-09-11,0,0,0,0,0,0,0,0,0,0,0,0,0,0,0,0,0,0,0,0,0,0,0,0,0,0,0,0,0,0,0,0,
713,2004-09-12,0,0,0,0,0,0,0,0,0,0,0,0,0,0,0,0,0,0,0,0,0,0,0,0,0,0,0,0,0,0,0,0,
714,2004-09-13,0,0,0,0,0,0,0,0,0,0,0,0,0,0,0,0,0,0,0,0,0,0,0,0,0,0,0,0,0,0,0,0,
715,2004-09-14,0,0,0,0,0,0,0,0,0,0,0,0,0,0,0,0,0,0,0,0,0,0,0,0,0,0,0,0,0,0,0,0,
716,2004-09-15,0,0,0,0,0,0,0,0,0,0,0,0,0,0,0,0,0,0,0,0,0,0,0,0,0,0,0,0,0,0,0,0,
717,2004-09-16,0,0,0,0,0,0,0,0,0,0,0,0,0,0,0,0,0,0,0,0,0,0,0,0,0,0,0,0,0,0,0,0,
718,2004-09-17,0,0,0,0,0,0,0,0,0,0,0,0,0,0,0,0,0,0,0,0,0,0,0,0,0,0,0,0,0,0,0,0,
719,2004-09-18,0,0,0,0,0,0,0,0,0,0,0,0,0,0,0,0,0,0,0,0,0,0,0,0,0,0,0,0,0,0,0,0,
720,2004-09-19,0,0,0,0,0,0,0,0,0,0,0,0,0,0,0,0,0,0,0,0,0,0,0,0,0,0,0,0,0,0,0,0,
721,2004-09-20,0,0,0,0,0,0,0,0,0,0,0,0,0,0,0,0,0,0,0,0,0,0,0,0,0,0,0,0,0,0,0,0,
722,2004-09-21,0,0,0,0,0,0,0,0,0,0,0,0,0,0,0,0,0,0,0,0,0,0,0,0,0,0,0,0,0,0,0,0,
723,2004-09-22,0,0,0,0,0,0,0,0,0,0,0,0,0,0,0,0,0,0,0,0,0,0,0,0,0,0,0,0,0,0,0,0,
724,2004-09-23,0,0,0,0,0,0,0,0,0,0,0,0,0,0,0,0,0,0,0,0,0,0,0,0,0,0,0,0,0,0,0,0,
725,2004-09-24,0,0,0,0,0,0,0,0,0,0,0,0,0,0,0,0,0,0,0,0,0,0,0,0,0,0,0,0,0,0,0,0,
726,2004-09-25,0,0,0,0,0,0,0,0,0,0,0,0,0,0,0,0,0,0,0,0,0,0,0,0,0,0,0,0,0,0,0,0,
727,2004-09-26,0,0,0,0,0,0,0,0,0,0,0,0,0,0,0,0,0,0,0,0,0,0,0,0,0,0,0,0,0,0,0,0,
728,2004-09-27,0,0,0,0,0,0,0,0,0,0,0,0,0,0,0,0,0,0,0,0,0,0,0,0,0,0,0,0,0,0,0,0,
729,2004-09-28,0,0,0,0,0,0,0,0,0,0,0,0,0,0,0,0,0,0,0,0,0,0,0,0,0,0,0,0,0,0,0,0,
730,2004-09-29,0,0,0,0,0,0,0,0,0,0,0,0,0,0,0,0,0,0,0,0,0,0,0,0,0,0,0,0,0,0,0,0,
